timestamp,value,predicted_value,error,p_label,fired,r_label
2013-10-09 16:25:00,9926554,12426449.2434,2499895.24344,0,-1,0
2013-10-09 16:30:00,50745578,12941486.1897,37804091.8103,0,-1,0
2013-10-09 16:35:00,61519397,13044429.2373,48474967.7627,0,-1,0
2013-10-09 16:40:00,55996401,-8152073.68226,64148474.6823,0,-1,0
2013-10-09 16:45:00,40876988,11700710.2579,29176277.7421,0,-1,0
2013-10-09 16:50:00,27578939,7906141.66166,19672797.3383,0,-1,0
2013-10-09 16:55:00,21556437,15524192.5363,6032244.4637,0,-1,0
2013-10-09 17:00:00,17440444.6,5024170.9468,12416273.6532,0,-1,0
2013-10-09 17:05:00,15573374,-1096172.26994,16669546.2699,0,-1,0
2013-10-09 17:10:00,16861197.6,3375404.02853,13485793.5715,0,-1,0
2013-10-09 17:15:00,15478144.6,10602988.4435,4875156.15651,0,-1,0
2013-10-09 17:20:00,13678676.6,17161698.8686,3483022.26862,0,-1,0
2013-10-09 17:25:00,11499313.8,13257898.2812,1758584.48125,0,-1,0
2013-10-09 17:30:00,12124202.8,242421.67654,11881781.1235,0,-1,0
2013-10-09 17:35:00,9052782.8,19052385.2891,9999602.48909,0,-1,0
2013-10-09 17:40:00,8203117.2,8904036.85632,700919.65632,0,-1,0
2013-10-09 17:45:00,8309003,-4368958.18329,12677961.1833,0,-1,0
2013-10-09 17:50:00,7288143.8,15846454.5539,8558310.75388,0,-1,0
2013-10-09 17:55:00,8049176.2,4791885.71581,3257290.48419,0,-1,0
2013-10-09 18:00:00,7444835.6,8625373.32017,1180537.72017,0,-1,0
2013-10-09 18:05:00,6954155.4,-2946970.20777,9901125.60777,0,-1,0
2013-10-09 18:10:00,7231045,3962248.56758,3268796.43242,0,-1,0
2013-10-09 18:15:00,8040165.8,12222147.2199,4181981.4199,0,-1,0
2013-10-09 18:20:00,8041010.6,8731175.60502,690165.005022,0,-1,0
2013-10-09 18:25:00,8631127,2635865.91246,5995261.08754,0,-1,0
2013-10-09 18:30:00,10871151.8,-1371029.63311,12242181.4331,0,-1,0
2013-10-09 18:35:00,12124409.6,-988758.842338,13113168.4423,0,-1,0
2013-10-09 18:40:00,13318374.8,26818781.1682,13500406.3682,0,-1,0
2013-10-09 18:45:00,13666994.4,15523422.5198,1856428.1198,0,-1,0
2013-10-09 18:50:00,14298954,2647926.51252,11651027.4875,0,-1,0
2013-10-09 18:55:00,12679300,19799013.6765,7119713.6765,0,-1,0
2013-10-09 19:00:00,13892004.8,-1810480.91383,15702485.7138,0,-1,0
2013-10-09 19:05:00,14145179.8,1366442.62391,12778737.1761,0,-1,0
2013-10-09 19:10:00,13505345.2,3122514.18329,10382831.0167,0,-1,0
2013-10-09 19:15:00,12603028.8,12585242.5542,17786.2458232,0,-1,0
2013-10-09 19:20:00,12435453.8,7449494.00483,4985959.79517,0,-1,0
2013-10-09 19:25:00,12193640.4,1864742.13134,10328898.2687,0,-1,0
2013-10-09 19:30:00,11542288,13425089.5884,1882801.58843,0,-1,0
2013-10-09 19:35:00,11432968.6,10746564.5306,686404.069387,0,-1,0
2013-10-09 19:40:00,12384512.2,4417371.70868,7967140.49132,0,-1,0
2013-10-09 19:45:00,11534099.6,665970.587004,10868129.013,0,-1,0
2013-10-09 19:50:00,14190782.8,9343009.21254,4847773.58746,0,-1,0
2013-10-09 19:55:00,10355034.8,-865823.406055,11220858.2061,0,-1,0
2013-10-09 20:00:00,11658785.8,2372979.94938,9285805.85062,0,-1,0
2013-10-09 20:05:00,11139206.8,3296787.02743,7842419.77257,0,-1,0
2013-10-09 20:10:00,8083117.8,5201179.33697,2881938.46303,0,-1,0
2013-10-09 20:15:00,8599227.6,1899628.95795,6699598.64205,0,-1,0
2013-10-09 20:20:00,9273135.2,-3569042.27711,12842177.4771,0,-1,0
2013-10-09 20:25:00,10097324.2,7406527.13753,2690797.06247,0,-1,0
2013-10-09 20:30:00,7103913.6,-938303.893903,8042217.4939,0,-1,0
2013-10-09 20:35:00,6885343,5164777.03641,1720565.96359,0,-1,0
2013-10-09 20:40:00,9448017.6,1225039.66911,8222977.93089,0,-1,0
2013-10-09 20:45:00,9151835.2,-2510130.4429,11661965.6429,0,-1,0
2013-10-09 20:50:00,7744279.8,949592.686644,6794687.11336,0,-1,0
2013-10-09 20:55:00,8781789.8,-6529049.38548,15310839.1855,0,-1,0
2013-10-09 21:00:00,8182947.4,-463751.063638,8646698.46364,0,-1,0
2013-10-09 21:05:00,8303328.2,-3103652.74439,11406980.9444,0,-1,0
2013-10-09 21:10:00,7031833.4,-3566668.39492,10598501.7949,0,-1,0
2013-10-09 21:15:00,8185888.6,8334998.34598,149109.745981,0,-1,0
2013-10-09 21:20:00,8057902,-11919151.902,19977053.902,0,-1,0
2013-10-09 21:25:00,7633338,6606218.80933,1027119.19067,0,-1,0
2013-10-09 21:30:00,6917495.8,5776308.80093,1141186.99907,0,-1,0
2013-10-09 21:35:00,6870317,9277088.98625,2406771.98625,0,-1,0
2013-10-09 21:40:00,7294645.6,11947072.6343,4652427.03429,0,-1,0
2013-10-09 21:45:00,5611490.2,-220514.515263,5832004.71526,0,-1,0
2013-10-09 21:50:00,6072482.4,-1018854.20814,7091336.60814,0,-1,0
2013-10-09 21:55:00,5285099.8,9426035.26309,4140935.46309,0,-1,0
2013-10-09 22:00:00,6168137.2,10687186.1271,4519048.92706,0,-1,0
2013-10-09 22:05:00,5984117.8,-1295400.80889,7279518.60889,0,-1,0
2013-10-09 22:10:00,5378818.4,18873779.2934,13494960.8934,0,-1,0
2013-10-09 22:15:00,4649463.4,11698196.7664,7048733.36644,0,-1,0
2013-10-09 22:20:00,4785452.6,4408785.99359,376666.606408,0,-1,0
2013-10-09 22:25:00,3547037.6,15253035.9676,11705998.3676,0,-1,0
2013-10-09 22:30:00,4001507.2,-5053350.72219,9054857.92219,0,-1,0
2013-10-09 22:35:00,3605455.2,14069726.7446,10464271.5446,0,-1,0
2013-10-09 22:40:00,3690194,4770913.80738,1080719.80738,0,-1,0
2013-10-09 22:45:00,3352156.8,-10275036.6264,13627193.4264,0,-1,0
2013-10-09 22:50:00,3301986.2,2758129.64128,543856.558715,0,-1,0
2013-10-09 22:55:00,3269069.2,-9107100.84004,12376170.04,0,-1,0
2013-10-09 23:00:00,3290852.4,10222456.5828,6931604.18284,0,-1,0
2013-10-09 23:05:00,1511772.6,2360657.12268,848884.522678,0,-1,0
2013-10-09 23:10:00,1361081.2,3748745.61539,2387664.41539,0,-1,0
2013-10-09 23:15:00,1313713,6115952.74689,4802239.74689,0,-1,0
2013-10-09 23:20:00,2147718.8,7939493.35359,5791774.55359,0,-1,0
2013-10-09 23:25:00,1998864.2,3054578.5873,1055714.3873,0,-1,0
2013-10-09 23:30:00,1534170.4,16533149.2877,14998978.8877,0,-1,0
2013-10-09 23:35:00,978077,10897694.3319,9919617.33192,0,-1,0
2013-10-09 23:40:00,974482.6,-82701.1085506,1057183.70855,0,-1,0
2013-10-09 23:45:00,1120244,28029620.2255,26909376.2255,0,-1,0
2013-10-09 23:50:00,1041381.4,6919323.3392,5877941.9392,0,-1,0
2013-10-09 23:55:00,1315852.8,9300577.84355,7984725.04355,0,-1,0
2013-10-10 00:00:00,1663223,-2429826.76963,4093049.76963,0,-1,0
2013-10-10 00:05:00,881168.6,8965331.51976,8084162.91976,0,-1,0
2013-10-10 00:10:00,864271.8,-15558154.942,16422426.742,0,-1,0
2013-10-10 00:15:00,831722.8,3268015.68049,2436292.88049,0,-1,0
2013-10-10 00:20:00,1025884.6,12219041.5209,11193156.9209,0,-1,0
2013-10-10 00:25:00,1056338.6,-14463185.2192,15519523.8192,0,-1,0
2013-10-10 00:30:00,1342641.2,9246982.50018,7904341.30018,0,-1,0
2013-10-10 00:35:00,901321.4,1094772.80308,193451.403083,0,-1,0
2013-10-10 00:40:00,994254,9914346.46719,8920092.46719,0,-1,0
2013-10-10 00:45:00,995340.2,8523138.73824,7527798.53824,0,-1,0
2013-10-10 00:50:00,1042389.8,-5281835.47695,6324225.27695,0,-1,0
2013-10-10 00:55:00,1468524.8,2638095.12482,1169570.32482,0,-1,0
2013-10-10 01:00:00,1874774.4,-2414800.50581,4289574.90581,0,-1,0
2013-10-10 01:05:00,1068452.6,-8508870.55137,9577323.15137,0,-1,0
2013-10-10 01:10:00,997374.4,10379796.8788,9382422.47878,0,-1,0
2013-10-10 01:15:00,1185431.8,-2320767.26397,3506199.06397,0,-1,0
2013-10-10 01:20:00,1253500.4,10401408.2078,9147907.80776,0,-1,0
2013-10-10 01:25:00,1019610,13076983.6933,12057373.6933,0,-1,0
2013-10-10 01:30:00,1467012.8,3772400.77646,2305387.97646,0,-1,0
2013-10-10 01:35:00,889605,6265509.37121,5375904.37121,0,-1,0
2013-10-10 01:40:00,825968.8,5658152.44434,4832183.64434,0,-1,0
2013-10-10 01:45:00,944624.6,5472605.92421,4527981.32421,0,-1,0
2013-10-10 01:50:00,1014397.6,4547546.48408,3533148.88408,0,-1,0
2013-10-10 01:55:00,985993.2,-1205909.49238,2191902.69238,0,-1,0
2013-10-10 02:00:00,1556147,1859036.57918,302889.579181,0,-1,0
2013-10-10 02:05:00,918924.2,2235640.36957,1316716.16957,0,-1,0
2013-10-10 02:10:00,946216,3184250.4954,2238034.4954,0,-1,0
2013-10-10 02:15:00,1203311.6,11775759.1695,10572447.5695,0,-1,0
2013-10-10 02:20:00,818717.8,11407406.4106,10588688.6106,0,-1,0
2013-10-10 02:25:00,1271861.4,3437553.2124,2165691.8124,0,-1,0
2013-10-10 02:30:00,1249426,5721063.39979,4471637.39979,0,-1,0
2013-10-10 02:35:00,959763.2,554701.660286,405061.539714,0,-1,0
2013-10-10 02:40:00,894922.6,-1142807.76772,2037730.36772,0,-1,0
2013-10-10 02:45:00,1035031.6,12259646.2597,11224614.6597,0,-1,0
2013-10-10 02:50:00,1291079.8,15927764.5185,14636684.7185,0,-1,0
2013-10-10 02:55:00,1066712.6,-9186746.71751,10253459.3175,0,-1,0
2013-10-10 03:00:00,2790829.8,2970332.80969,179503.009687,0,-1,0
2013-10-10 03:05:00,2466770.6,-7635993.80395,10102764.4039,0,-1,0
2013-10-10 03:10:00,3168191.8,2534461.84336,633729.956642,0,-1,0
2013-10-10 03:15:00,1362582.2,-6986213.82713,8348796.02713,0,-1,0
2013-10-10 03:20:00,1203811,12416757.7385,11212946.7385,0,-1,0
2013-10-10 03:25:00,892913.2,-4355130.58607,5248043.78607,0,-1,0
2013-10-10 03:30:00,1422962,14908527.7757,13485565.7757,0,-1,0
2013-10-10 03:35:00,1272848,1681500.00028,408652.000284,0,-1,0
2013-10-10 03:40:00,1383750.2,-478404.93824,1862155.13824,0,-1,0
2013-10-10 03:45:00,973746.4,12216936.4138,11243190.0138,0,-1,0
2013-10-10 03:50:00,1240975.6,1640868.97667,399893.376669,0,-1,0
2013-10-10 03:55:00,1022294.6,-3132632.00402,4154926.60402,0,-1,0
2013-10-10 04:00:00,1794335,9833971.84099,8039636.84099,0,-1,0
2013-10-10 04:05:00,1261058.8,-4530915.64419,5791974.44419,0,-1,0
2013-10-10 04:10:00,1260534.4,1160794.56252,99739.837485,0,-1,0
2013-10-10 04:15:00,1064257.4,-3902248.73606,4966506.13606,0,-1,0
2013-10-10 04:20:00,1027933.8,4975793.55319,3947859.75319,0,-1,0
2013-10-10 04:25:00,959238.6,-8001988.90105,8961227.50105,0,-1,0
2013-10-10 04:30:00,955490.2,-3542275.02205,4497765.22205,0,-1,0
2013-10-10 04:35:00,1219726.6,-5952074.49966,7171801.09966,0,-1,0
2013-10-10 04:40:00,944099.2,17854288.385,16910189.185,0,-1,0
2013-10-10 04:45:00,789781,840995.036628,51214.0366277,0,-1,0
2013-10-10 04:50:00,1506217.2,10363161.9434,8856944.74344,0,-1,0
2013-10-10 04:55:00,1009633.4,536179.420824,473453.979176,0,-1,0
2013-10-10 05:00:00,1910032.4,-6020101.48914,7930133.88914,0,-1,0
2013-10-10 05:05:00,1004299.4,-12882104.2142,13886403.6142,0,-1,0
2013-10-10 05:10:00,800122.2,-5352911.59966,6153033.79966,0,-1,0
2013-10-10 05:15:00,1414346.8,17319549.7922,15905202.9922,0,-1,0
2013-10-10 05:20:00,1114365.6,7412627.62141,6298262.02141,0,-1,0
2013-10-10 05:25:00,1222933,7582045.47317,6359112.47317,0,-1,0
2013-10-10 05:30:00,1177306.6,10706720.3951,9529413.79506,0,-1,0
2013-10-10 05:35:00,936231,14401029.1353,13464798.1353,0,-1,0
2013-10-10 05:40:00,1086114.8,-1342688.91906,2428803.71906,0,-1,0
2013-10-10 05:45:00,865114.8,2547190.0203,1682075.2203,0,-1,0
2013-10-10 05:50:00,1058657.6,-7057293.36498,8115950.96498,0,-1,0
2013-10-10 05:55:00,1002185.8,-2895546.94627,3897732.74627,0,-1,0
2013-10-10 06:00:00,1487688.6,10926221.3837,9438532.78366,0,-1,0
2013-10-10 06:05:00,1031687.8,4253078.90063,3221391.10063,0,-1,0
2013-10-10 06:10:00,821456.4,1262121.23631,440664.836314,0,-1,0
2013-10-10 06:15:00,898685.4,-6769046.71171,7667732.11171,0,-1,0
2013-10-10 06:20:00,920632.8,5137477.59172,4216844.79172,0,-1,0
2013-10-10 06:25:00,1260650.8,-13213790.7873,14474441.5873,0,-1,0
2013-10-10 06:30:00,1028933.8,-3138202.32589,4167136.12589,0,-1,0
2013-10-10 06:35:00,792172,-2286473.56076,3078645.56076,0,-1,0
2013-10-10 06:40:00,936512.8,19348496.2477,18411983.4477,0,-1,0
2013-10-10 06:45:00,1188596.2,1103253.00914,85343.1908591,0,-1,0
2013-10-10 06:50:00,1166070,-1394264.88838,2560334.88838,0,-1,0
2013-10-10 06:55:00,924183.8,1623425.17312,699241.373118,0,-1,0
2013-10-10 07:00:00,1702998,13331412.7164,11628414.7164,0,-1,0
2013-10-10 07:05:00,2861705.2,-1639388.2767,4501093.4767,0,-1,0
2013-10-10 07:10:00,1146903.4,976246.583285,170656.816715,0,-1,0
2013-10-10 07:15:00,1051866.2,4648332.87753,3596466.67753,0,-1,0
2013-10-10 07:20:00,1196833.4,9145393.75042,7948560.35042,0,-1,0
2013-10-10 07:25:00,1439759.4,8596931.10002,7157171.70002,0,-1,0
2013-10-10 07:30:00,1084365.8,-2560938.7575,3645304.5575,0,-1,0
2013-10-10 07:35:00,1227197.8,-5630533.69297,6857731.49297,0,-1,0
2013-10-10 07:40:00,951286.8,5289184.7764,4337897.9764,0,-1,0
2013-10-10 07:45:00,909773,6331911.07971,5422138.07971,0,-1,0
2013-10-10 07:50:00,1673980.6,118561.280228,1555419.31977,0,-1,0
2013-10-10 07:55:00,1239774.4,10243082.0918,9003307.69179,0,-1,0
2013-10-10 08:00:00,1623926.4,15518199.8615,13894273.4615,0,-1,0
2013-10-10 08:05:00,1899871.8,2095088.03687,195216.236866,0,-1,0
2013-10-10 08:10:00,1061869.4,11463203.0904,10401333.6904,0,-1,0
2013-10-10 08:15:00,1169978.4,5420608.65242,4250630.25242,0,-1,0
2013-10-10 08:20:00,1309258.8,6646901.61242,5337642.81242,0,-1,0
2013-10-10 08:25:00,1400611.4,16250236.3686,14849624.9686,0,-1,0
2013-10-10 08:30:00,1478794,12448561.7449,10969767.7449,0,-1,0
2013-10-10 08:35:00,1154915.6,-6456905.21842,7611820.81842,0,-1,0
2013-10-10 08:40:00,1119468.6,9603155.52532,8483686.92532,0,-1,0
2013-10-10 08:45:00,1315528.4,8993936.85478,7678408.45478,0,-1,0
2013-10-10 08:50:00,1316311.2,7298387.77605,5982076.57605,0,-1,0
2013-10-10 08:55:00,1252876.6,-1855201.90818,3108078.50818,0,-1,0
2013-10-10 09:00:00,1611319.6,4308628.61257,2697309.01257,0,-1,0
2013-10-10 09:05:00,1874347.2,12384102.5597,10509755.3597,0,0,0
2013-10-10 09:10:00,7734377.8,11624345.6001,3889967.80005,0,1,0
2013-10-10 09:15:00,21326575.6,10561401.434,10765174.166,0,2,0
2013-10-10 09:20:00,34239448.6,9866310.0708,24373138.5292,0,3,0
2013-10-10 09:25:00,39717876,9831285.34112,29886590.6589,0,4,0
2013-10-10 09:30:00,41614284.6,23459934.5229,18154350.0771,0,4,0
2013-10-10 09:35:00,46141497.6,30123348.9537,16018148.6463,0,4,0
2013-10-10 09:40:00,36632762,11124026.7104,25508735.2896,0,7,0
2013-10-10 09:45:00,22884266.2,11221416.3252,11662849.8748,0,8,0
2013-10-10 09:50:00,18195488.2,20250058.1834,2054569.9834,0,2,0
2013-10-10 09:55:00,14726156.8,11229630.3669,3496526.43311,0,10,0
2013-10-10 10:00:00,13021075.2,11223180.3012,1797894.89875,0,11,0
2013-10-10 10:05:00,12199362,12841285.7101,641923.710125,0,11,0
2013-10-10 10:10:00,10825948.6,11218123.7431,392175.143074,0,13,0
2013-10-10 10:15:00,9548127.6,11221805.3159,1673677.71594,0,14,0
2013-10-10 10:20:00,8109072.2,11221169.6785,3112097.47846,0,15,0
2013-10-10 10:25:00,8925800.4,9717002.36743,791201.967428,0,14,0
2013-10-10 10:30:00,7765588,8420281.94785,654693.947846,0,15,0
2013-10-10 10:35:00,6306836.6,9670577.77248,3363741.17248,0,1,1
2013-10-10 10:40:00,6912175.4,6643210.71725,268964.682752,0,1,1
2013-10-10 10:45:00,8497172.4,9527791.65018,1030619.25018,0,15,1
2013-10-10 10:50:00,9570483.4,9007149.65039,563333.749605,0,14,1
2013-10-10 10:55:00,10766459.6,11063105.2019,296645.601923,0,13,1
2013-10-10 11:00:00,11728221.2,10796124.1602,932097.039808,0,13,1
2013-10-10 11:05:00,12230082.2,12263554.371,33472.1710125,0,11,1
2013-10-10 11:10:00,12685043.6,12233429.4171,451614.182899,0,11,1
2013-10-10 11:15:00,13446408,12639882.1385,806525.861549,0,11,1
2013-10-10 11:20:00,13995080.6,14376504.1567,381423.556689,0,10,1
2013-10-10 11:25:00,14218029.8,14033222.9557,184806.844331,0,10,1
2013-10-10 11:30:00,13467919.2,13365755.3464,102163.853571,0,11,1
2013-10-10 11:35:00,13460836,13457702.7444,3133.25559944,0,11,1
2013-10-10 11:40:00,13809836,14199549.1156,389713.115567,0,10,1
2013-10-10 11:45:00,14009019,13848807.3116,160211.688443,0,10,1
2013-10-10 11:50:00,13084023.6,13460522.6039,376499.003893,0,11,1
2013-10-10 11:55:00,12709564.2,13121673.5004,412109.300389,0,11,1
2013-10-10 12:00:00,12814870.4,12750775.13,64095.2699611,0,11,1
2013-10-10 12:05:00,11877359,11635011.496,242347.503981,0,13,1
2013-10-10 12:10:00,11696078.2,11853124.2496,157046.049602,0,13,1
2013-10-10 12:15:00,11996982.8,11711782.805,285199.99504,0,13,1
2013-10-10 12:20:00,11997259.8,11968462.8005,28796.999504,0,13,1
2013-10-10 12:25:00,11376455,11994380.1,617925.10005,0,13,1
2013-10-10 12:30:00,11210009.4,11401278.7288,191269.32884,0,13,1
2013-10-10 12:35:00,9479133.6,9515949.24099,36815.640992,0,14,1
2013-10-10 12:40:00,8772188.6,9499388.777,727200.176998,0,15,1
2013-10-10 12:45:00,7232056.8,6885278.93172,346777.868275,0,1,1
2013-10-10 12:50:00,5023842.2,11251301.7834,6227459.58338,0,45,1
2013-10-10 12:55:00,4625737.4,5646588.15834,1020850.75834,0,45,1
2013-10-10 13:00:00,4001864.8,11197098.2373,7195233.43734,0,47,1
2013-10-10 13:05:00,3590778.4,4728220.0797,1137441.6797,0,47,1
2013-10-10 13:10:00,3459420.2,3712405.68706,252985.487064,0,47,1
2013-10-10 13:15:00,4111032.6,4727822.47583,616789.875834,0,45,1
2013-10-10 13:20:00,4421097.4,4172711.58758,248385.812417,0,45,1
2013-10-10 13:25:00,4455026,4396258.81876,58767.1812417,0,45,1
2013-10-10 13:30:00,7491621.6,8844908.6177,1353287.0177,0,15,1
2013-10-10 13:35:00,6655292.6,7197379.01317,542086.413172,0,1,1
2013-10-10 13:40:00,5443550.2,4455720.38762,987829.812385,0,45,1
2013-10-10 13:45:00,6155358.2,8146273.7651,1990915.5651,0,1,1
2013-10-10 13:50:00,6492683.4,6354449.75651,138233.64349,0,1,1
2013-10-10 13:55:00,6950044,6478860.03565,471183.964349,0,1,1
2013-10-10 14:00:00,6841478,6902925.60357,61447.6035651,0,1,1
2013-10-10 14:05:00,6484278,6847622.76036,363344.760357,0,1,1
2013-10-10 14:10:00,6224288,7637793.4689,1413505.4689,0,1,1
2013-10-10 14:15:00,6695084.8,6365638.54689,329446.25311,0,1,1
2013-10-10 14:20:00,6520807,6662140.17469,141333.174689,0,1,1
2013-10-10 14:25:00,4169085.8,5344767.21876,1175681.41876,0,45,1
2013-10-10 14:30:00,3935875.6,3492642.30502,443233.294981,0,47,1
2013-10-10 14:35:00,3871600,3899029.82602,27429.8260168,0,47,1
2013-10-10 14:40:00,4002291.2,3881819.15979,120472.040212,0,47,1
2013-10-10 14:45:00,3947186.2,3997579.08913,50392.8891292,0,47,1
2013-10-10 14:50:00,4353851.6,4286653.94188,67197.6581238,0,45,1
2013-10-10 14:55:00,4353784.6,4347131.83419,6652.76581238,0,45,1
2013-10-10 15:00:00,5099945,4359679.1274,740265.872597,0,45,1
2013-10-10 15:05:00,5771032.8,7416631.22789,1645598.42789,0,1,1
2013-10-10 15:10:00,6843186,5935592.64279,907593.357211,0,1,1
2013-10-10 15:15:00,5279036.4,5031835.15476,247201.245235,0,45,1
2013-10-10 15:20:00,6496034.2,6752426.66428,256392.464279,0,1,1
2013-10-10 15:25:00,4476881.4,5254316.27548,777434.875476,0,45,1
2013-10-10 15:30:00,7500000.4,7626950.30177,126949.90177,0,15,1
2013-10-10 15:35:00,4549360.8,4554624.88755,5264.08754765,0,45,1
2013-10-10 15:40:00,4837703.4,4549887.20875,287816.191245,0,45,1
2013-10-10 15:45:00,5145406,4815116.54955,330289.450451,0,45,1
2013-10-10 15:50:00,5235980.4,5118279.36064,117701.039364,0,45,0
2013-10-10 15:55:00,4608298,5224210.29606,615912.296064,0,45,0
2013-10-10 16:00:00,4648481,4669889.22961,21408.2296064,0,45,0
2013-10-10 16:05:00,5222922,4657012.38778,565909.612224,0,45,0
2013-10-10 16:10:00,5018915.4,5172217.23298,153301.832982,0,45,0
2013-10-10 16:15:00,6171433.4,7288206.36638,1116772.96638,0,1,0
2013-10-10 16:20:00,5202479.8,5040293.79753,162186.002468,0,45,0
2013-10-10 16:25:00,3324062,3959810.8007,635748.8007,0,47,0
2013-10-10 16:30:00,5081782.8,5192175.05266,110392.252661,0,45,0
2013-10-10 16:35:00,4249074.6,5092822.02527,843747.425266,0,45,0
2013-10-10 16:40:00,4199818.6,4333449.34253,133630.742527,0,45,0
2013-10-10 16:45:00,5219494.2,4220087.65666,999406.543343,0,45,0
2013-10-10 16:50:00,4694730.2,5119553.54567,424823.345666,0,45,0
2013-10-10 16:55:00,6152926.2,6989767.87579,836841.675788,0,1,0
2013-10-10 17:00:00,5550911.8,4743645.09592,807266.704076,0,45,0
2013-10-10 17:05:00,4896396,5475901.47026,579505.470256,0,45,0
2013-10-10 17:10:00,5670213.8,6866757.51476,1196543.71476,0,1,0
2013-10-10 17:15:00,4850725.4,4960596.41455,109871.014552,0,45,0
2013-10-10 17:20:00,4571890.4,4861712.50146,289822.101455,0,45,0
2013-10-10 17:25:00,4536476.8,4600872.61015,64395.8101455,0,45,0
2013-10-10 17:30:00,4437847.2,4542916.38101,105069.181015,0,45,0
2013-10-10 17:35:00,5375253.2,4455146.55806,920106.641942,0,45,0
2013-10-10 17:40:00,4312917.2,5283242.53581,970325.335806,0,45,0
2013-10-10 17:45:00,3983407.8,3396037.49587,587370.304127,0,47,0
2013-10-10 17:50:00,4300847.6,4409949.73358,109102.133581,0,45,0
2013-10-10 17:55:00,4406236,4311757.81336,94478.1866419,0,45,0
2013-10-10 18:00:00,4374796.8,4396788.18134,21991.3813358,0,45,0
2013-10-10 18:05:00,3936344.4,3932541.17943,3803.22056816,0,47,1
2013-10-10 18:10:00,3846504.4,3943822.5251,97318.1251034,0,47,1
2013-10-10 18:15:00,3692155.2,3864179.09464,172023.89464,0,47,1
2013-10-10 18:20:00,3217057,3709357.58946,492300.589464,0,47,1
2013-10-10 18:25:00,3820828.8,3274857.05114,545971.748865,0,47,1
2013-10-10 18:30:00,4718348.6,4376995.93813,341352.661866,0,45,1
2013-10-10 18:35:00,3415757.8,3774289.19408,358531.394079,0,47,1
2013-10-10 18:40:00,4203280.8,4684213.33381,480932.533813,0,45,1
2013-10-10 18:45:00,3655304,3460007.28044,195296.719559,0,47,1
2013-10-10 18:50:00,3335873,3643976.46928,308103.469284,0,47,1
2013-10-10 18:55:00,3137363,3366683.34693,229320.346928,0,47,1
2013-10-10 19:00:00,3636906.4,3168999.80032,467906.599675,0,47,1
2013-10-10 19:05:00,3469994.6,3598369.68174,128375.081743,0,47,1
2013-10-10 19:10:00,3291118.6,3491195.52121,200076.921211,0,47,1
2013-10-10 19:15:00,3582063,3319667.79016,262395.209835,0,47,1
2013-10-10 19:20:00,3177593,3555823.47902,378230.479016,0,47,1
2013-10-10 19:25:00,3183260.8,3215416.0479,32155.2479016,0,47,1
2013-10-10 19:30:00,2701991.8,3186476.32479,484484.52479,0,47,1
2013-10-10 19:35:00,2756069,2750440.25248,5628.74752098,0,47,1
2013-10-10 19:40:00,3424595,2764640.55018,659954.449817,0,47,1
2013-10-10 19:45:00,2716830,3358599.55502,641769.555018,0,47,1
2013-10-10 19:50:00,2595576.6,2781006.9555,185430.355502,0,47,1
2013-10-10 19:55:00,3246679,2623396.05247,623282.947526,0,47,1
2013-10-10 20:00:00,2800273.6,3184350.70525,384077.105247,0,47,1
2013-10-10 20:05:00,2484272,2838681.31052,354409.310525,0,47,1
2013-10-10 20:10:00,2227412.4,4361639.62772,2134227.22772,0,0,1
2013-10-10 20:15:00,2684762.6,2519712.93105,165049.668948,0,47,1
2013-10-10 20:20:00,3560943,2684929.57229,876013.427708,0,47,1
2013-10-10 20:25:00,3986034.8,3489162.65463,496872.145373,0,47,1
2013-10-10 20:30:00,4382304.2,4251374.05338,130930.146619,0,45,1
2013-10-10 20:35:00,6511585.2,5789868.17148,721717.028524,0,1,1
2013-10-10 20:40:00,13757010.4,13992997.8312,235987.431156,0,10,1
2013-10-10 20:45:00,9203809.4,9492150.77467,288341.374675,0,14,1
2013-10-10 20:50:00,5384941.6,4383484.39696,1001457.20304,0,45,1
2013-10-10 20:55:00,3715801.6,3951821.7805,236020.180499,0,47,1
2013-10-10 21:00:00,3076906.8,3739403.61805,662496.81805,0,47,1
2013-10-10 21:05:00,2981824,3143156.4818,161332.481805,0,47,1
2013-10-10 21:10:00,2508304.8,2997957.24818,489652.44818,0,47,1
2013-10-10 21:15:00,2873027,2557270.04482,315756.955182,0,47,1
2013-10-10 21:20:00,2736929.8,2841451.30448,104521.504482,0,47,1
2013-10-10 21:25:00,2852624.6,2747381.95045,105242.649552,0,47,1
2013-10-10 21:30:00,2597563.6,2842100.33504,244536.735045,0,47,1
2013-10-10 21:35:00,2299805.4,3809236.50681,1509431.10681,0,0,1
2013-10-10 21:40:00,2124006.6,3713115.92639,1589109.32639,0,0,1
2013-10-10 21:45:00,1843232.8,3467018.46745,1623785.66745,0,0,1
2013-10-10 21:50:00,2516452.4,2622017.2735,105564.873504,0,47,1
2013-10-10 21:55:00,2635773.2,2527008.88735,108764.31265,0,47,1
2013-10-10 22:00:00,2934168.6,2624896.76874,309271.831265,0,47,1
2013-10-10 22:05:00,3165361.2,2903241.41687,262119.783126,0,47,1
2013-10-10 22:10:00,2596034.8,3139149.22169,543114.421687,0,47,1
2013-10-10 22:15:00,2365396.2,3128758.29582,763362.095819,0,0,1
2013-10-10 22:20:00,2410592.4,3467336.09358,1056743.69358,0,0,1
2013-10-10 22:25:00,2411177.2,3477043.34941,1065866.14941,0,0,1
2013-10-10 22:30:00,2817637,2650346.24217,167290.757831,0,47,1
2013-10-10 22:35:00,2420126,2800907.92422,380781.924217,0,47,1
2013-10-10 22:40:00,2087740.6,3424870.35679,1337129.75679,0,0,1
2013-10-10 22:45:00,1964231,3096339.7884,1132108.7884,0,0,1
2013-10-10 22:50:00,2010772.4,2915688.24555,904915.84555,0,0,1
2013-10-10 22:55:00,1781298.8,2898386.58499,1117087.78499,0,0,1
2013-10-10 23:00:00,2799522,2458204.19242,341317.807578,0,47,1
2013-10-10 23:05:00,2338843,2663221.8997,324378.899699,0,0,1
2013-10-10 23:10:00,1943066.8,3087150.79944,1144083.99944,0,0,1
2013-10-10 23:15:00,2518236.8,2756495.77872,238258.978717,0,0,1
2013-10-10 23:20:00,3359710.8,2782020.43672,577690.36328,0,47,0
2013-10-10 23:25:00,2119819.4,3193622.50472,1073803.10472,0,0,0
2013-10-10 23:30:00,2216677.4,2865755.46687,649078.066873,0,0,0
2013-10-10 23:35:00,1922451,2894412.51785,971961.51785,0,0,0
2013-10-10 23:40:00,2131340.4,2619926.79943,488586.399434,0,0,0
2013-10-10 23:45:00,2174178.6,2754247.61808,580069.018083,0,0,0
2013-10-10 23:50:00,2053342.8,2785321.29444,731978.494445,0,0,0
2013-10-10 23:55:00,2500698.4,2665182.78937,164484.389373,0,0,0
2013-10-11 00:00:00,2345290.8,3026704.33676,681413.536756,0,0,0
2013-10-11 00:05:00,2157204.4,2910664.37888,753459.97888,0,0,0
2013-10-11 00:10:00,2458691.2,2720426.01443,261734.814427,0,0,0
2013-10-11 00:15:00,2451451.4,2951549.75434,500098.354337,0,0,0
2013-10-11 00:20:00,2074059.4,2954669.31973,880609.919727,0,0,0
2013-10-11 00:25:00,2823709.6,3301941.76367,478232.163672,0,47,0
2013-10-11 00:30:00,3076168.6,2871532.81637,204635.783633,0,47,0
2013-10-11 00:35:00,2733595,3055705.02164,322110.021637,0,47,0
2013-10-11 00:40:00,2627582.6,2612104.07902,15478.5209849,0,0,0
2013-10-11 00:45:00,2571875.4,3051955.68472,480080.284716,0,0,0
2013-10-11 00:50:00,2763043.4,2765806.00216,2762.60216367,0,47,0
2013-10-11 00:55:00,3373233.6,2763319.66022,609913.939784,0,47,0
2013-10-11 01:00:00,2596747.2,3034910.31561,438163.115614,0,0,0
2013-10-11 01:05:00,2573697,3044664.32093,470967.32093,0,0,0
2013-10-11 01:10:00,2585580.8,3015491.28989,429910.489889,0,0,0
2013-10-11 01:15:00,2926060.2,3312242.20602,386182.006022,0,47,0
2013-10-11 01:20:00,2721994.2,3013591.99563,291597.795633,0,0,0
2013-10-11 01:25:00,2826090.8,3124331.53243,298240.73243,0,0,0
2013-10-11 01:30:00,3175531,2964678.4006,210852.599398,0,47,0
2013-10-11 01:35:00,2783067.4,3218153.16303,435085.76303,0,0,0
2013-10-11 01:40:00,2646577.8,3181392.52195,534814.721946,0,0,0
2013-10-11 01:45:00,2249622.8,2700059.27219,450436.472195,0,0,0
2013-10-11 01:50:00,2380653.2,2294666.44722,85986.7527805,0,0,0
2013-10-11 01:55:00,3353167.8,2723289.90395,629877.896054,0,0,0
2013-10-11 02:00:00,2691037.4,3598767.20965,907729.809651,0,0,0
2013-10-11 02:05:00,2815953.6,3072110.21502,256156.61502,0,0,0
2013-10-11 02:10:00,2388228.8,2841569.2615,453340.461502,0,0,0
2013-10-11 02:15:00,2607510.2,2660585.63767,53075.4376729,0,0,0
2013-10-11 02:20:00,2258206.2,2805304.13535,547097.935346,0,0,0
2013-10-11 02:25:00,2119898,2497648.42999,377750.429991,0,0,0
2013-10-11 02:30:00,2234826.6,2335991.33927,101164.739272,0,0,0
2013-10-11 02:35:00,2029213,2414802.12862,385589.12862,0,0,0
2013-10-11 02:40:00,2022639.2,2235274.68304,212635.483043,0,0,0
2013-10-11 02:45:00,2477133,3162554.73098,685421.730979,0,47,0
2013-10-11 02:50:00,2322718.8,2545675.1731,222956.373098,0,47,0
2013-10-11 02:55:00,2451926.6,2353803.62369,98122.9763086,0,47,0
2013-10-11 03:00:00,3751994.8,7512695.39018,3760700.59018,0,15,0
2013-10-11 03:05:00,3835848.4,5788413.53593,1952565.13593,0,15,0
2013-10-11 03:10:00,4605135.8,11107021.6808,6501885.88079,1,13,0
2013-10-11 03:15:00,2598200,2450662.09784,147537.902156,0,47,0
2013-10-11 03:20:00,2721577.4,5284795.8797,2563218.4797,0,45,0
2013-10-11 03:25:00,2402112.2,2583446.20978,181334.009784,0,47,0
2013-10-11 03:30:00,2573645.6,2428675.12597,144970.474028,0,47,0
2013-10-11 03:35:00,1869702.6,2043902.7483,174200.148304,0,0,0
2013-10-11 03:40:00,2195341.8,2041786.42275,153555.37725,0,0,0
2013-10-11 03:45:00,2179106.2,2324301.11791,145194.917907,0,0,0
2013-10-11 03:50:00,2224773.8,2332560.65623,107786.856233,0,0,0
2013-10-11 03:55:00,2051167.2,2368320.29021,317153.090207,0,0,0
2013-10-11 04:00:00,2076078.6,2212571.2814,136492.681399,0,0,0
2013-10-11 04:05:00,2338487,2559148.5526,220661.552597,0,47,0
2013-10-11 04:10:00,2322368.6,2360553.15526,38184.5552597,0,47,0
2013-10-11 04:15:00,2213996.4,2206916.04556,7080.35443582,0,0,0
2013-10-11 04:20:00,1960851.4,2213288.36456,252436.964556,0,0,0
2013-10-11 04:25:00,2122598.6,2095515.23493,27083.3650657,0,0,0
2013-10-11 04:30:00,2050746.2,2222022.9116,171276.711602,0,0,0
2013-10-11 04:35:00,1663046.4,8252817.14151,6589770.74151,1,234,0
2013-10-11 04:40:00,1939977,2162670.46621,222693.466207,0,0,0
2013-10-11 04:45:00,1737724.6,1962246.34662,224521.746621,0,0,0
2013-10-11 04:50:00,2021960.8,1852655.91279,169304.887208,0,0,0
2013-10-11 04:55:00,2004803.6,2089228.45214,84424.8521385,0,0,0
2013-10-11 05:00:00,2166114.6,2326187.05553,160072.455526,0,47,0
2013-10-11 05:05:00,1853609.6,2013246.08521,159636.485214,0,0,0
2013-10-11 05:10:00,1976750.8,1945574.15916,31176.6408436,0,0,0
2013-10-11 05:15:00,2105559.2,2182121.84555,76562.6455526,0,47,0
2013-10-11 05:20:00,1761453,1973633.13592,212180.135916,0,0,0
2013-10-11 05:25:00,2153253.4,2113215.46456,40037.9354447,0,47,0
2013-10-11 05:30:00,1780847.8,1782671.01359,1823.21359156,0,0,0
2013-10-11 05:35:00,2041699.2,1852583.12389,189116.07611,0,0,0
2013-10-11 05:40:00,1819123.4,2022787.59239,203664.192389,0,0,0
2013-10-11 05:45:00,1892495.8,1909070.53352,16574.7335243,0,0,0
2013-10-11 05:50:00,2131994,2149249.60646,17255.6064555,0,47,0
2013-10-11 05:55:00,2037706,1961838.29442,75867.7055793,0,0,0
2013-10-11 06:00:00,2019189,2094775.039,75586.0389991,0,0,0
2013-10-11 06:05:00,1799215.4,2026747.6039,227532.2039,0,0,0
2013-10-11 06:10:00,1805860.4,1821968.62039,16108.22039,0,0,0
2013-10-11 06:15:00,1768089.2,1807471.22204,39382.022039,0,0,0
2013-10-11 06:20:00,2498414.8,2138120.83216,360293.967836,0,47,0
2013-10-11 06:25:00,2238022.2,2462385.40322,224363.203216,0,47,0
2013-10-11 06:30:00,2159250.6,2260458.52032,101207.920322,0,47,0
2013-10-11 06:35:00,2639714.6,2977899.24797,338184.64797,0,45,0
2013-10-11 06:40:00,2171903.2,2169371.39203,2531.80796784,0,47,0
2013-10-11 06:45:00,2519590.8,2175749.2535,343841.5465,0,47,0
2013-10-11 06:50:00,2841035.4,2676915.24495,164120.155047,0,45,0
2013-10-11 06:55:00,2955063.4,2827799.1378,127264.262204,0,45,0
2013-10-11 07:00:00,2999436.2,6391227.0388,3391790.8388,1,1,0
2013-10-11 07:05:00,3614117.4,4425004.73519,810887.335188,0,15,0
2013-10-11 07:10:00,3138828,6351607.8172,3212779.8172,0,1,0
2013-10-11 07:15:00,2943885.2,2945327.12537,1441.92537235,0,45,0
2013-10-11 07:20:00,3058868.2,3440939.10148,382070.901481,0,1,0
2013-10-11 07:25:00,3485896.2,3695206.13352,209309.933519,0,15,0
2013-10-11 07:30:00,3034602.4,3109010.99406,74408.5940637,0,1,0
2013-10-11 07:35:00,3229994.2,3042043.25941,187950.940594,0,1,0
2013-10-11 07:40:00,3210041,3211199.10594,1158.10594064,0,1,0
2013-10-11 07:45:00,3268730.4,3210156.81059,58573.5894059,0,1,0
2013-10-11 07:50:00,4081030.8,9232643.53747,5151612.73747,1,14,0
2013-10-11 07:55:00,4146895.2,9232643.53747,5085748.33747,1,14,0
2013-10-11 08:00:00,3599528,3506827.19335,92700.8066481,0,15,0
2013-10-11 08:05:00,3779623.6,3520843.02599,258780.574015,0,15,0
2013-10-11 08:10:00,3734695.8,3668097.39338,66598.4066178,0,15,0
2013-10-11 08:15:00,3843868.2,9226597.78923,5382729.58923,1,14,0
2013-10-11 08:20:00,3627613.4,3655089.31736,27475.9173615,0,15,0
2013-10-11 08:25:00,3246938.2,3262873.04106,15934.8410594,0,1,0
2013-10-11 08:30:00,3139698.4,3238963.10909,99264.709087,0,1,0
2013-10-11 08:35:00,3022623.2,3147231.58283,124608.382826,0,1,0
2013-10-11 08:40:00,3175430.4,3035084.03828,140346.361717,0,1,0
2013-10-11 08:45:00,2937446.6,2944179.40223,6732.80223212,0,45,0
2013-10-11 08:50:00,2705773,2938119.88022,232346.880223,0,45,0
2013-10-11 08:55:00,2281336.2,2485206.64535,203870.44535,0,47,0
2013-10-11 09:00:00,2721626.8,2729007.68802,7380.88802232,0,45,0
2013-10-11 09:05:00,2526060.2,2302491.06182,223569.138185,0,47,0
2013-10-11 09:10:00,1943263,1789788.77395,153474.226049,0,0,0
2013-10-11 09:15:00,2115264.8,2503703.28618,388438.486182,0,47,0
2013-10-11 09:20:00,1716114.6,1927915.5774,211800.977395,0,0,0
2013-10-11 09:25:00,1689399.4,1737294.69774,47895.2977395,0,0,0
2013-10-11 09:30:00,1614255.4,8252817.14151,6638561.74151,1,234,0
2013-10-11 09:35:00,1586300.6,8035588.9732,6449288.3732,1,234,0
2013-10-11 09:40:00,1945050,1711425.68501,233624.314988,0,0,0
2013-10-11 09:45:00,1419494.6,7834060.88613,6414566.28613,1,234,0
2013-10-11 09:50:00,2052665.4,2154108.64862,101443.248618,0,47,0
2013-10-11 09:55:00,1503766.4,1921687.5685,417921.168501,0,0,0
2013-10-11 10:00:00,1425593.8,1545558.51685,119964.71685,0,0,0
2013-10-11 10:05:00,1564241.2,1437590.27169,126650.928315,0,0,0
2013-10-11 10:10:00,1445060.2,1551576.10717,106515.907169,0,0,0
2013-10-11 10:15:00,1402325.6,7643976.85547,6241651.25547,1,234,0
2013-10-11 10:20:00,1630047.2,1474172.22085,155874.979147,0,0,0
2013-10-11 10:25:00,1315837.2,7466792.95564,6150955.75564,1,234,0
2013-10-11 10:30:00,1399811.8,1614459.70209,214647.902085,0,0,0
2013-10-11 10:35:00,1653111.4,1439389.71769,213721.682314,0,0,0
2013-10-11 10:40:00,1317575.4,1631739.23177,314163.831769,0,0,0
2013-10-11 10:45:00,1333332.8,1348991.78318,15658.9831769,0,0,0
2013-10-11 10:50:00,1646857.6,1353397.72714,293459.872856,0,0,0
2013-10-11 10:55:00,1436422.6,1617511.61271,181089.012714,0,0,0
2013-10-11 11:00:00,1447339.2,1454531.50127,7192.30127144,0,0,0
2013-10-11 11:05:00,1613220.4,1464415.98967,148804.410328,0,0,0
2013-10-11 11:10:00,1662310.2,1612333.01897,49977.1810335,0,0,0
2013-10-11 11:15:00,1545840.2,1670250.57724,124410.377239,0,0,0
2013-10-11 11:20:00,2411798.8,2722364.8888,310566.088802,0,45,0
2013-10-11 11:25:00,2392206.4,2442855.40888,50649.0088802,0,45,0
2013-10-11 11:30:00,2101047.4,2063407.24431,37640.1556913,0,47,0
2013-10-11 11:35:00,1488686.2,1558281.23772,69595.0377239,0,0,0
2013-10-11 11:40:00,2004115.6,2097828.12646,93712.5264623,0,47,0
2013-10-11 11:45:00,1691222.6,1509872.80683,181349.793168,0,0,0
2013-10-11 11:50:00,2059449.4,2014101.45527,45347.9447287,0,47,0
2013-10-11 11:55:00,2161052.6,2055478.87234,105573.727655,0,47,0
2013-10-11 12:00:00,2587023,2397473.09939,189549.900613,0,45,0
2013-10-11 12:05:00,3038556.8,3161395.76383,122838.963828,0,1,0
2013-10-11 12:10:00,3019801.6,3050840.69638,31039.0963828,0,1,0
2013-10-11 12:15:00,3016383.4,3022905.50964,6522.10963828,0,1,0
2013-10-11 12:20:00,3488911,3516521.97675,27610.9767503,0,15,0
2013-10-11 12:25:00,3639406.4,9220027.65523,5580621.25523,1,14,0
2013-10-11 12:30:00,4288769.2,11107021.6808,6818252.48079,1,13,0
2013-10-11 12:35:00,4508238.6,12808460.873,8300222.273,1,11,0
2013-10-11 12:40:00,3876246.2,9220027.65523,5343781.45523,1,14,0
2013-10-11 12:45:00,3620962.8,9213496.58016,5592533.78016,1,14,0
2013-10-11 12:50:00,4616707.2,12808460.873,8191753.673,1,11,0
2013-10-11 12:55:00,4108598.8,9416825.21311,5308226.41311,1,13,0
2013-10-11 13:00:00,4354785.6,9416825.21311,5062039.61311,1,13,0
2013-10-11 13:05:00,4086370.4,8290790.34608,4204419.94608,1,13,0
2013-10-11 13:10:00,4152349.6,7486310.72326,3333961.12326,0,13,0
2013-10-11 13:15:00,4059468.6,4255851.05887,196382.458872,0,13,0
2013-10-11 13:20:00,4503811.6,2594087.74481,1909723.85519,0,339,0
2013-10-11 13:25:00,4255971.6,2566698.66408,1689272.93592,0,340,0
2013-10-11 13:30:00,4555081.6,34045329.115,29490247.515,1,4,0
2013-10-11 13:35:00,3962572.6,34050433.0405,30087860.4405,1,7,0
2013-10-11 13:40:00,4546405.8,27750493.9233,23204088.1233,1,4,0
2013-10-11 13:45:00,4112242.4,31802134.7471,27689892.3471,1,3,0
2013-10-11 13:50:00,3963009.4,34019061.0899,30056051.6899,1,7,0
2013-10-11 13:55:00,4264964.2,2591514.46981,1673449.73019,0,346,0
2013-10-11 14:00:00,4711787,23559026.7139,18847239.7139,1,4,0
2013-10-11 14:05:00,4008551.6,33987774.773,29979223.173,1,7,0
2013-10-11 14:10:00,3886748.4,2614154.3985,1272594.0015,0,349,0
2013-10-11 14:15:00,4360407.8,4096152.12853,264255.671472,0,346,0
2013-10-11 14:20:00,3777113.6,4085593.15472,308479.554717,0,340,0
2013-10-11 14:25:00,4448038.4,4333982.23285,114056.167147,0,346,0
2013-10-11 14:30:00,4350720,4434860.55836,84140.5583576,0,346,0
2013-10-11 14:35:00,4000456.4,33956605.3318,29956148.9318,1,7,0
2013-10-11 14:40:00,3757759,3806823.68399,49064.6839881,0,340,0
2013-10-11 14:45:00,3714593.2,2669476.74288,1045116.45712,0,356,0
2013-10-11 14:50:00,3802077.8,3761582.72255,40495.0774549,0,340,0
2013-10-11 14:55:00,4170299.8,31802134.7471,27631834.9471,1,3,0
2013-10-11 15:00:00,5127343.2,20578979.3369,15451636.1369,1,4,0
2013-10-11 15:05:00,5878506,18346185.9351,12467679.9351,1,4,0
2013-10-11 15:10:00,7135374.6,16612091.5342,9476716.93417,1,4,0
2013-10-11 15:15:00,5958465.2,33925592.3979,27967127.1979,1,7,0
2013-10-11 15:20:00,5198396.6,2773446.82554,2424949.77446,0,363,0
2013-10-11 15:25:00,4433295.4,2785907.72455,1647387.67545,0,364,0
2013-10-11 15:30:00,4855605.8,2800330.41653,2055275.38347,0,365,0
2013-10-11 15:35:00,4924891.2,4648248.07838,276643.121615,0,365,0
2013-10-11 15:40:00,4788996,2826387.10001,1962608.89999,0,367,0
2013-10-11 15:45:00,4697164.6,4592735.11,104429.489999,0,367,0
2013-10-11 15:50:00,4682754,4686721.651,3967.6510001,0,367,0
2013-10-11 15:55:00,4119163.4,21717981.2125,17598817.8125,1,8,0
2013-10-11 16:00:00,5152299.2,4955901.62255,196397.577446,0,363,0
2013-10-11 16:05:00,5840876,3759488.99985,2081387.00015,0,349,0
2013-10-11 16:10:00,4851767.2,4895237.48476,43470.2847553,0,365,0
2013-10-11 16:15:00,5146560.4,5132659.44226,13900.9577446,0,363,0
2013-10-11 16:20:00,4523770.8,2930240.6711,1593530.1289,0,375,0
2013-10-11 16:25:00,5435023.6,3278452.53424,2156571.06576,0,356,0
2013-10-11 16:30:00,4971937.8,4856114.22848,115823.571524,0,365,0
2013-10-11 16:35:00,5635966.8,3798028.29225,1837938.50775,0,340,0
2013-10-11 16:40:00,5122805.8,5145170.30423,22364.5042255,0,363,0
2013-10-11 16:45:00,5066339,5125042.25042,58703.2504226,0,363,0
2013-10-11 16:50:00,5091821,5072209.32504,19611.6749577,0,363,0
2013-10-11 16:55:00,5286978,5219366.49342,67611.5065763,0,356,0
2013-10-11 17:00:00,4617354.2,4364417.78711,252936.41289,0,375,0
2013-10-11 17:05:00,5074936.2,5089859.8325,14923.6325042,0,363,0
2013-10-11 17:10:00,4946120,4958470.52466,12350.5246598,0,365,0
2013-10-11 17:15:00,6072816,33925592.3979,27852776.3979,1,7,0
2013-10-11 17:20:00,5499821,5449832.08584,49988.9141648,0,340,0
2013-10-11 17:25:00,5616319.6,5494822.10858,121497.491416,0,340,0
2013-10-11 17:30:00,6105407.6,17054828.2901,10949420.6901,1,3,0
2013-10-11 17:35:00,5154501,5076428.56325,78072.4367496,0,363,0
2013-10-11 17:40:00,4878282.2,4944740.06487,66457.8648695,0,365,0
2013-10-11 17:45:00,5460952.2,4295974.44986,1164977.75014,0,356,0
2013-10-11 17:50:00,5431154.6,4592284.57207,838870.027928,0,356,0
2013-10-11 17:55:00,6670608,4359134.05584,2311473.94416,0,346,0
2013-10-11 18:00:00,6095858.6,33925592.3979,27829733.7979,1,7,0
2013-10-11 18:05:00,6956541.4,15186019.0652,8229477.66516,1,4,0
2013-10-11 18:10:00,6199730.6,12155325.8346,5955595.23458,1,3,0
2013-10-11 18:15:00,5714497.8,3998484.15641,1716013.64359,0,349,0
2013-10-11 18:20:00,6457977.6,2372155.39393,4085822.20607,0,399,0
2013-10-11 18:25:00,5753349.2,4489919.17143,1263430.02857,0,349,0
2013-10-11 18:30:00,6047827.2,33925592.3979,27877765.1979,1,7,0
2013-10-11 18:35:00,6658760.6,6439460.60558,219299.994416,0,346,0
2013-10-11 18:40:00,5845224,5627006.19714,218217.802857,0,349,0
2013-10-11 18:45:00,6342895.4,6049395.37939,293500.020607,0,399,0
2013-10-11 18:50:00,6092819,33925592.3979,27832773.3979,1,7,0
2013-10-11 18:55:00,6495620.4,6313513.50014,182106.899855,0,399,0
2013-10-11 19:00:00,6848253.4,2449869.04698,4398384.35302,0,407,0
2013-10-11 19:05:00,7022389.4,14029359.6679,7006970.26788,1,4,0
2013-10-11 19:10:00,6095139.6,33925592.3979,27830452.7979,1,7,0
2013-10-11 19:15:00,5196470,5146597.58814,49872.411856,0,363,0
2013-10-11 19:20:00,6245523.6,12155325.8346,5909802.23458,1,3,0
2013-10-11 19:25:00,6063450,33925592.3979,27862142.3979,1,7,0
2013-10-11 19:30:00,5752171.4,5000698.5021,751472.8979,0,349,0
2013-10-11 19:35:00,6961971.2,13072297.5386,6110326.33858,1,4,0
2013-10-11 19:40:00,5756761.6,5051593.8344,705167.765596,0,349,0
2013-10-11 19:45:00,6439968,6477377.42566,37409.4256585,0,399,0
2013-10-11 19:50:00,6029420.4,33925592.3979,27896171.9979,1,7,0
2013-10-11 19:55:00,5526105.2,5601152.81525,75047.6152466,0,340,0
2013-10-11 20:00:00,5683547.4,5168598.80253,514948.597466,0,349,0
2013-10-11 20:05:00,5640075.6,5533609.96152,106465.638475,0,340,0
2013-10-11 20:10:00,5640589.8,5629429.03615,11160.7638475,0,340,0
2013-10-11 20:15:00,5567824,5636479.67916,68655.6791618,0,340,0
2013-10-11 20:20:00,5077413,5191482.75881,114069.758814,0,363,0
2013-10-11 20:25:00,5764415,5206747.39243,557667.607572,0,349,0
2013-10-11 20:30:00,6909404.8,6408413.34761,500991.452386,0,407,0
2013-10-11 20:35:00,7339086.6,12273449.3786,4934362.77855,0,4,0
2013-10-11 20:40:00,10412561.6,7465241.62855,2947319.97145,0,4,0
2013-10-11 20:45:00,7364122,5088733.68781,2275388.31219,0,363,0
2013-10-11 20:50:00,5189782.4,2720677.94013,2469104.45987,0,429,0
2013-10-11 20:55:00,3723893.6,12808460.873,9084567.273,1,11,0
2013-10-11 21:00:00,6623585.8,4683150.7651,1940435.0349,0,367,0
2013-10-11 21:05:00,4414673.2,2763903.84094,1650769.35906,0,432,0
2013-10-11 21:10:00,9307313.4,6443678.7631,2863634.6369,0,399,0
2013-10-11 21:15:00,3958717.2,13780609.1431,9821891.94312,1,10,0
2013-10-11 21:20:00,4500197.4,4248158.26247,252039.137533,0,432,0
2013-10-11 21:25:00,4809785.2,18400945.1983,13591159.9983,1,2,0
2013-10-11 21:30:00,4220875.4,13780607.706,9559732.30604,1,10,0
2013-10-11 21:35:00,4678269.8,15810481.5282,11132211.7282,1,2,0
2013-10-11 21:40:00,4023287.8,13780607.706,9757319.90604,1,10,0
2013-10-11 21:45:00,4025726.2,13780607.706,9754881.50604,1,10,0
2013-10-11 21:50:00,4899668.2,4942871.95401,43203.7540134,0,429,0
2013-10-11 21:55:00,4500448.2,4473440.92415,27007.2758535,0,432,0
2013-10-11 22:00:00,5425124.2,2938902.79675,2486221.40325,0,443,0
2013-10-11 22:05:00,4736342.6,5673336.35399,936993.753992,0,9,0
2013-10-11 22:10:00,3897116.4,12808460.5438,8911344.1438,1,11,0
2013-10-11 22:15:00,4175719.2,13780606.2877,9604887.08767,1,10,0
2013-10-11 22:20:00,3768877.4,12808460.2156,9039582.81557,1,11,0
2013-10-11 22:25:00,3633691.4,12808460.2156,9174768.81557,1,11,0
2013-10-11 22:30:00,3136307.2,9213496.58016,6077189.38016,0,14,0
2013-10-11 22:35:00,3600642,12808460.2156,9207818.21557,1,11,0
2013-10-11 22:40:00,3480859.4,4079106.84589,598247.445887,0,13,0
2013-10-11 22:45:00,3182200.6,3744026.13802,561825.538016,0,14,0
2013-10-11 22:50:00,3398359.6,3487850.5097,89490.909704,0,13,0
2013-10-11 22:55:00,3428305.6,3407308.69097,20996.9090296,0,13,0
2013-10-11 23:00:00,3942081.2,13780606.2877,9838525.08767,1,10,0
2013-10-11 23:05:00,3610477.8,12808460.2156,9197982.41557,1,11,0
2013-10-11 23:10:00,2606589.8,11214378.6565,8607788.85648,1,19,0
2013-10-11 23:15:00,2532067.6,11214366.0175,8682298.41749,1,19,0
2013-10-11 23:20:00,3795175.8,12808459.8911,9013284.09114,1,11,0
2013-10-11 23:25:00,4031016.2,13780606.2877,9749590.08767,1,10,0
2013-10-11 23:30:00,3087124.6,3238270.20291,151145.602908,0,14,0
2013-10-11 23:35:00,2645886.2,3491672.09768,845785.897675,0,15,0
2013-10-11 23:40:00,2921061.8,2769567.9627,151493.8373,0,15,0
2013-10-11 23:45:00,2868193.8,2925053.83657,56860.0365659,0,15,0
2013-10-11 23:50:00,3678312,12808459.8911,9130147.89114,1,11,0
2013-10-11 23:55:00,3993569.2,13780606.2877,9787037.08767,1,10,0
2013-10-12 00:00:00,3155317.8,3102239.16029,53078.6397092,0,14,0
2013-10-12 00:05:00,2577275.4,11214353.4095,8637078.00954,1,19,0
2013-10-12 00:10:00,2030924.2,2568068.00994,537143.809939,0,45,0
2013-10-12 00:15:00,2691552.8,2873879.80366,182327.003657,0,15,0
2013-10-12 00:20:00,2108746.2,2084638.58099,24107.6190061,0,45,0
2013-10-12 00:25:00,2602548.4,11214340.7619,8611792.36191,1,19,0
2013-10-12 00:30:00,2468735.6,11214328.0977,8745592.49768,1,19,0
2013-10-12 00:35:00,2507354.4,11214315.4169,8706961.01687,1,19,0
2013-10-12 00:40:00,2261713.8,2107272.68763,154441.112366,0,45,0
2013-10-12 00:45:00,2457518.2,11214302.7069,8756784.50688,1,19,0
2013-10-12 00:50:00,2418719.6,3046013.82361,627294.223609,0,477,0
2013-10-12 00:55:00,3111028,3150009.93603,38981.9360291,0,14,0
2013-10-12 01:00:00,3591372.8,12808459.8911,9217087.09114,1,11,0
2013-10-12 01:05:00,3041616.4,3114851.90186,73235.5018613,0,14,0
2013-10-12 01:10:00,2416064.8,2482000.97401,65936.1740118,0,477,0
2013-10-12 01:15:00,2395888,2423263.69879,27375.6987898,0,477,0
2013-10-12 01:20:00,2708144.6,2709785.50037,1640.90036566,0,15,0
2013-10-12 01:25:00,2907673,2845955.33136,61717.6686354,0,15,0
2013-10-12 01:30:00,2969344.6,3050237.95866,80893.358661,0,14,0
2013-10-12 01:35:00,2668099.4,2901501.23314,233401.833136,0,15,0
2013-10-12 01:40:00,3015050,2978804.20881,36245.7911908,0,14,0
2013-10-12 01:45:00,2737246.2,2691439.58331,45806.6166864,0,15,0
2013-10-12 01:50:00,3323086,3520682.53049,197596.530494,0,13,0
2013-10-12 01:55:00,3542606.4,3342845.65305,199760.746951,0,13,0
2013-10-12 02:00:00,3537503.4,3522630.3253,14873.0746951,0,13,0
2013-10-12 02:05:00,3174286.2,3011425.42088,162860.779119,0,14,0
2013-10-12 02:10:00,3053158.4,3159223.32544,106064.925441,0,14,0
2013-10-12 02:15:00,2712443.2,2732665.53833,20222.3383314,0,15,0
2013-10-12 02:20:00,3243322.6,3063764.89254,179557.707456,0,14,0
2013-10-12 02:25:00,2970901.6,3226538.41061,255636.810611,0,14,0
2013-10-12 02:30:00,3602252,12808459.8911,9206207.89114,1,11,0
2013-10-12 02:35:00,3767764.6,12808459.6108,9040695.01079,1,11,0
2013-10-12 02:40:00,3217024.8,2996465.28106,220559.518939,0,14,0
2013-10-12 02:45:00,3623309.2,12808459.6108,9185150.41079,1,11,0
2013-10-12 02:50:00,3463932.6,3536016.09253,72083.4925305,0,13,0
2013-10-12 02:55:00,3473942.8,3471140.94925,2801.85074695,0,13,0
2013-10-12 03:00:00,4327528.2,4497747.47241,170219.272415,0,432,0
2013-10-12 03:05:00,4953168,4903988.5754,49179.4245987,0,429,0
2013-10-12 03:10:00,6010022,4511762.1668,1498259.8332,0,505,0
2013-10-12 03:15:00,3792235.2,12808459.3335,9016224.13348,1,11,0
2013-10-12 03:20:00,5067495.2,4947839.85516,119655.344843,0,429,0
2013-10-12 03:25:00,4178473.4,13780605.0749,9602131.67488,1,10,0
2013-10-12 03:30:00,3722183.4,12808459.3335,9086275.93348,1,11,0
2013-10-12 03:35:00,6000974.2,5858917.23845,142056.961546,0,505,0
2013-10-12 03:40:00,3656226.2,3473662.61493,182563.585075,0,13,0
2013-10-12 03:45:00,3946900.8,12808459.0587,8861558.25874,1,11,0
2013-10-12 03:50:00,3872716.2,12808459.0587,8935742.85874,1,11,0
2013-10-12 03:55:00,3954127.4,12808458.7846,8854331.38462,1,11,0
2013-10-12 04:00:00,3870564.8,12808458.7846,8937893.98462,1,11,0
2013-10-12 04:05:00,3812299.2,12808458.7846,8996159.58462,1,11,0
2013-10-12 04:10:00,3793134.4,12808458.7846,9015324.38462,1,11,0
2013-10-12 04:15:00,3610520.8,3729400.07286,118879.272857,0,13,0
2013-10-12 04:20:00,4167550.6,12808458.5117,8640907.91173,1,11,0
2013-10-12 04:25:00,3844542.6,3708992.85734,135549.742664,0,13,0
2013-10-12 04:30:00,4094993,3830987.62573,264005.374266,0,13,0
2013-10-12 04:35:00,4207063.8,12808458.5117,8601394.71173,1,11,0
2013-10-12 04:40:00,4017962.2,4068592.46257,50630.2625734,0,13,0
2013-10-12 04:45:00,4211817.8,12808458.5117,8596640.71173,1,11,0
2013-10-12 04:50:00,4397386.8,12808458.2403,8411071.4403,1,11,0
2013-10-12 04:55:00,3821873.6,3194968.84811,626904.751894,0,14,0
2013-10-12 05:00:00,3433559.8,2867156.46506,566403.334941,0,15,0
2013-10-12 05:05:00,3552335,3760109.11315,207774.11315,0,14,0
2013-10-12 05:10:00,2997523.4,2400911.1247,596612.2753,0,477,0
2013-10-12 05:15:00,4158629.4,12808458.2403,8649828.8403,1,11,0
2013-10-12 05:20:00,3505453.6,3470702.36233,34751.2376697,0,15,0
2013-10-12 05:25:00,3596603,3574211.4849,22391.515095,0,14,0
2013-10-12 05:30:00,3458603.8,3580799.16982,122195.369818,0,15,0
2013-10-12 05:35:00,4103340.4,4023025.22626,80315.1737427,0,13,0
2013-10-12 05:40:00,3722259.6,3594363.84849,127895.75151,0,14,0
2013-10-12 05:45:00,3310317.8,3470823.33698,160505.536982,0,15,0
2013-10-12 05:50:00,3180112.2,2937862.17247,242250.02753,0,477,0
2013-10-12 05:55:00,2763020.2,2246269.68876,516750.511237,0,45,0
2013-10-12 06:00:00,3481835.8,3409900.10736,71935.6926426,0,15,0
2013-10-12 06:05:00,3115962,3155887.19725,39925.197247,0,477,0
2013-10-12 06:10:00,3758110.6,3709470.02485,48640.575151,0,14,0
2013-10-12 06:15:00,3146130.6,3119954.51972,26176.0802753,0,477,0
2013-10-12 06:20:00,3678237.8,3753246.54248,75008.7424849,0,14,0
2013-10-12 06:25:00,3332586.2,3474642.23074,142056.030736,0,15,0
2013-10-12 06:30:00,3376556.8,3346791.80307,29764.9969264,0,15,0
2013-10-12 06:35:00,2932539.4,3144995.8857,212456.485696,0,477,0
2013-10-12 06:40:00,3868952,4136410.89475,267458.894747,0,13,0
2013-10-12 06:45:00,4180022.4,12808458.2403,8628435.8403,1,11,0
2013-10-12 06:50:00,2911885.2,2713216.92889,198668.271105,0,45,0
2013-10-12 06:55:00,3045753.4,2955441.51403,90311.8859742,0,477,0
2013-10-12 07:00:00,3893686.2,3947483.504,53797.3040033,0,13,0
2013-10-12 07:05:00,3498895.4,3446675.02584,52220.3741575,0,15,0
2013-10-12 07:10:00,2484609.8,2153007.61948,331602.180524,0,47,0
2013-10-12 07:15:00,3153370.4,3036722.2114,116648.188597,0,477,0
2013-10-12 07:20:00,2963782,3143154.38775,179372.387746,0,477,0
2013-10-12 07:25:00,3208165.8,2981719.23877,226446.561225,0,477,0
2013-10-12 07:30:00,3842270.6,3945698.32739,103427.727387,0,13,0
2013-10-12 07:35:00,2712457,2892018.37289,179561.372889,0,45,0
2013-10-12 07:40:00,2525058.4,2453623.36875,71435.0312536,0,47,0
2013-10-12 07:45:00,2654476.6,2730413.13729,75936.5372889,0,45,0
2013-10-12 07:50:00,2774432.8,2662070.25373,112362.546271,0,45,0
2013-10-12 07:55:00,3125988.4,3185521.14388,59532.7438775,0,477,0
2013-10-12 08:00:00,2628484.4,2519951.08847,108533.311533,0,47,0
2013-10-12 08:05:00,2750668.8,2763196.54537,12527.7453729,0,45,0
2013-10-12 08:10:00,2121267.8,17354051.5298,15232783.7298,1,200,0
2013-10-12 08:15:00,2423121,2617631.06885,194510.068847,0,47,0
2013-10-12 08:20:00,2492465.2,2444639.64327,47825.5567283,0,47,0
2013-10-12 08:25:00,2205542.4,4459869.97055,2254327.57055,0,568,0
2013-10-12 08:30:00,2244046.4,2616944.46896,372898.068965,0,568,0
2013-10-12 08:35:00,2289428.2,2463557.26907,174129.069075,0,568,0
2013-10-12 08:40:00,2335671.2,2487682.64433,152011.444327,0,47,0
2013-10-12 08:45:00,1986150.4,2306841.10691,320690.706907,0,568,0
2013-10-12 08:50:00,1974910.2,7358629.69026,5383719.49026,0,234,0
2013-10-12 08:55:00,1931628.8,2576804.79837,645175.998366,0,234,0
2013-10-12 09:00:00,2256923,2350872.34443,93949.3444327,0,47,0
2013-10-12 09:05:00,1563206.2,2012658.20707,449452.007069,0,234,0
2013-10-12 09:10:00,1680554.4,2018219.47069,337665.070691,0,568,0
2013-10-12 09:15:00,1435048.2,1608151.40071,173103.200707,0,234,0
2013-10-12 09:20:00,1445570.2,1714320.90707,268750.707069,0,568,0
2013-10-12 09:25:00,1230529,1481940.1668,251411.166802,0,234,0
2013-10-12 09:30:00,1292470.8,1472445.27071,179974.470707,0,568,0
2013-10-12 09:35:00,1377636.6,1310468.24707,67168.3529293,0,568,0
2013-10-12 09:40:00,1814704.4,2266351.43055,451647.030553,0,47,0
2013-10-12 09:45:00,1646375.8,1859869.10306,213493.303055,0,47,0
2013-10-12 09:50:00,1589812,1667725.13031,77913.1303055,0,47,0
2013-10-12 09:55:00,2908752.2,3684316.78001,775564.580013,0,14,0
2013-10-12 10:00:00,2209294.8,2751404.41426,542109.614264,0,45,0
2013-10-12 10:05:00,2293599.8,3131023.31815,837423.518148,0,477,0
2013-10-12 10:10:00,2518515.2,2377342.15181,141173.048185,0,477,0
2013-10-12 10:15:00,2368925.2,2504075.03553,135149.835534,0,477,0
2013-10-12 10:20:00,2418048.6,2382440.18355,35608.4164466,0,477,0
2013-10-12 10:25:00,2574732,3493673.36258,918941.362584,0,15,0
2013-10-12 10:30:00,2560719.6,2666626.13626,105906.536258,0,15,0
2013-10-12 10:35:00,2998595,2985471.59304,13123.4069601,0,14,0
2013-10-12 10:40:00,2464394.8,2414487.75836,49907.0416447,0,477,0
2013-10-12 10:45:00,2695531.6,2571310.25363,124221.346374,0,15,0
2013-10-12 10:50:00,2881381.6,2996412.29551,115030.695509,0,14,0
2013-10-12 10:55:00,2912230.4,2892109.55587,20120.8441333,0,14,0
2013-10-12 11:00:00,3149090.6,2910218.31559,238872.284413,0,14,0
2013-10-12 11:05:00,3296592,3742711.73395,446119.733953,0,13,0
2013-10-12 11:10:00,3696286.2,12808457.8818,9112171.68176,1,11,0
2013-10-12 11:15:00,2925279.8,3124189.33181,198909.531812,0,14,0
2013-10-12 11:20:00,3628548.8,12808457.8818,9179909.08176,1,11,0
2013-10-12 11:25:00,3048131.8,2945170.75318,102961.046819,0,14,0
2013-10-12 11:30:00,2474744.6,2459404.09584,15340.5041645,0,477,0
2013-10-12 11:35:00,2733783.8,2649121.70429,84662.0957128,0,15,0
2013-10-12 11:40:00,2876619.2,3036889.98264,160270.782643,0,14,0
2013-10-12 11:45:00,2426435.2,2473210.54958,46775.3495836,0,477,0
2013-10-12 11:50:00,2877881.2,2891837.66793,13956.4679267,0,14,0
2013-10-12 11:55:00,2236777.4,2430738.0036,193960.6036,0,477,0
2013-10-12 12:00:00,2424895.6,2256173.46036,168722.13964,0,477,0
2013-10-12 12:05:00,2036357,2263505.76143,227148.761426,0,45,0
2013-10-12 12:10:00,3273247.8,3264254.31143,8993.48856897,0,13,0
2013-10-12 12:15:00,2225564.4,2407651.1069,182086.706896,0,477,0
2013-10-12 12:20:00,2773553.4,2688563.47673,84989.9232672,0,15,0
2013-10-12 12:25:00,3272074.8,3203353.54737,68721.2526341,0,13,0
2013-10-12 12:30:00,2563503.8,2765054.40767,201550.607673,0,15,0
2013-10-12 12:35:00,3315340.6,3199927.54122,115413.05878,0,13,0
2013-10-12 12:40:00,2490231.6,2243773.07069,246458.52931,0,477,0
2013-10-12 12:45:00,2685661.4,2583658.86077,102002.539233,0,15,0
2013-10-12 12:50:00,2783047.8,2642223.62945,140824.170546,0,15,0
2013-10-12 12:55:00,2494818.8,2465585.74707,29233.052931,0,477,0
2013-10-12 13:00:00,2915377,2878418.5415,36958.4585011,0,14,0
2013-10-12 13:05:00,2100844.8,2059006.63705,41838.1629468,0,45,0
2013-10-12 13:10:00,2932784.4,2910793.83476,21990.5652373,0,14,0
2013-10-12 13:15:00,3113921.8,2930585.34348,183336.456524,0,14,0
2013-10-12 13:20:00,2679085.2,3094629.34807,415544.148067,0,14,0
2013-10-12 13:25:00,2981291.6,3245464.81657,264173.216574,0,13,0
2013-10-12 13:30:00,3528916.2,12808457.5248,9279541.32478,1,11,0
2013-10-12 13:35:00,3714299.6,13780603.5455,10066303.9455,1,10,0
2013-10-12 13:40:00,2506308.4,2768965.38295,262656.982945,0,15,0
2013-10-12 13:45:00,2977082.8,2966807.68056,10275.1194433,0,13,0
2013-10-12 13:50:00,2654474,13780603.5455,11126129.5455,1,10,0
2013-10-12 13:55:00,2747757.6,13780602.0279,11032844.4279,1,10,0
2013-10-12 14:00:00,3425450.2,5173560.72359,1748110.52359,0,443,0
2013-10-12 14:05:00,2860588.4,4342442.81291,1481854.41291,0,432,0
2013-10-12 14:10:00,2602600.6,13780602.0279,11178001.4279,1,10,0
2013-10-12 14:15:00,3064562.4,4178578.42502,1114016.02502,0,9,0
2013-10-12 14:20:00,2678636.4,13780602.0279,11101965.6279,1,10,0
2013-10-12 14:25:00,2811047.4,3008773.84129,197726.441291,0,432,0
2013-10-12 14:30:00,2986170,2218064.29165,768105.708354,0,641,0
2013-10-12 14:35:00,3030498.2,2909359.42916,121138.770835,0,641,0
2013-10-12 14:40:00,1992914.2,2532574.09829,539659.898295,0,15,0
2013-10-12 14:45:00,2307638.6,2941333.93203,633695.332028,0,13,0
2013-10-12 14:50:00,2916463,2830202.14386,86260.8561431,0,432,0
2013-10-12 14:55:00,3218693.2,5052692.25975,1833999.05975,0,429,0
2013-10-12 15:00:00,4232165.4,4884927.98649,652762.586487,0,365,0
2013-10-12 15:05:00,4293438.2,4297441.65865,4003.4586487,0,365,0
2013-10-12 15:10:00,5731243,2194908.19203,3536334.80797,1,649,0
2013-10-12 15:15:00,3331719.8,3600261.25236,268541.452359,0,443,0
2013-10-12 15:20:00,3883587.8,4592060.55871,708472.758711,0,375,0
2013-10-12 15:25:00,3271342.2,3400890.74657,129548.546572,0,429,0
2013-10-12 15:30:00,2942843.2,3017560.58238,74717.3823756,0,641,0
2013-10-12 15:35:00,3694746,5982986.4702,2288240.4702,0,505,0
2013-10-12 15:40:00,3642126.4,3921846.80527,279720.40527,0,505,0
2013-10-12 15:45:00,3734729,3670098.44053,64630.559473,0,505,0
2013-10-12 15:50:00,3394430.6,3357416.65028,37013.9497208,0,443,0
2013-10-12 15:55:00,3529268.4,2531660.95875,997607.441253,0,370,0
2013-10-12 16:00:00,3715568.8,3728265.94405,12697.1440527,0,505,0
2013-10-12 16:05:00,3746838.6,3716838.51441,30000.0855947,0,505,0
2013-10-12 16:10:00,4208361.2,4291761.47826,83400.2782602,0,365,0
2013-10-12 16:15:00,4003901.8,6429542.29651,2425640.49651,0,367,0
2013-10-12 16:20:00,3824163.8,3952697.2684,128533.468395,0,375,0
2013-10-12 16:25:00,3375125.8,3389556.98826,14431.1882649,0,443,0
2013-10-12 16:30:00,3540937,2213639.47631,1327297.52369,0,665,0
2013-10-12 16:35:00,3146923.2,3284297.05466,137373.854657,0,429,0
2013-10-12 16:40:00,4168467,4214711.71173,46244.7117269,0,365,0
2013-10-12 16:45:00,3349810.2,3376568.91883,26758.7188265,0,443,0
2013-10-12 16:50:00,3187740.8,3160660.58547,27080.2145343,0,429,0
2013-10-12 16:55:00,3217855.6,3184219.10731,33636.4926892,0,429,0
2013-10-12 17:00:00,3205658.2,3213658.14599,7999.94598535,0,429,0
2013-10-12 17:05:00,2214341.8,2720639.61481,506297.814807,0,14,0
2013-10-12 17:10:00,2062268.8,2062175.53782,93.2621779549,0,15,0
2013-10-12 17:15:00,2550043.2,2368440.97721,181602.22279,0,674,0
2013-10-12 17:20:00,2092985.2,2366673.37551,273688.175511,0,675,0
2013-10-12 17:25:00,3150399.8,3206458.1946,56058.3945985,0,429,0
2013-10-12 17:30:00,2122509.2,2120601.58958,1907.61041988,0,675,0
2013-10-12 17:35:00,2788856.2,2907836.91439,118980.714386,0,432,0
2013-10-12 17:40:00,2321360.2,2359105.0572,37744.8571956,0,679,0
2013-10-12 17:45:00,2890855.4,2800314.39333,90541.0066739,0,432,0
2013-10-12 17:50:00,4035097.6,4246465.84965,211368.249651,0,367,0
2013-10-12 17:55:00,3497103.6,3408207.24763,88896.3523694,0,665,0
2013-10-12 18:00:00,3170049.2,3156005.63946,14043.5605401,0,429,0
2013-10-12 18:05:00,3004455.6,2949741.34167,54714.2583315,0,641,0
2013-10-12 18:10:00,3466245.8,3488213.96476,21968.1647631,0,665,0
2013-10-12 18:15:00,3331877.8,3352486.07188,20608.2718826,0,443,0
2013-10-12 18:20:00,2944188.8,2998368.18263,54179.3826264,0,641,0
2013-10-12 18:25:00,3491523.4,3468442.61648,23080.7835237,0,665,0
2013-10-12 18:30:00,4161306.2,4171318.00693,10011.8069344,0,365,0
2013-10-12 18:35:00,2824246.4,2881801.29933,57554.8993326,0,432,0
2013-10-12 18:40:00,3238769,3167862.75907,70906.2409281,0,429,0
2013-10-12 18:45:00,3347327.8,3333938.62719,13389.1728117,0,443,0
2013-10-12 18:50:00,3104582.8,2949606.73826,154976.061737,0,641,0
2013-10-12 18:55:00,3044250.2,3089085.19383,44834.9938263,0,641,0
2013-10-12 19:00:00,3441568,3345032.61838,96535.3816237,0,443,0
2013-10-12 19:05:00,3898819.6,3837017.14684,61802.4531605,0,375,0
2013-10-12 19:10:00,3327445.8,3431914.46184,104468.661838,0,443,0
2013-10-12 19:15:00,3769617.8,3743838.59144,25779.2085595,0,505,0
2013-10-12 19:20:00,4145610,4160549.58557,14939.585573,0,365,0
2013-10-12 19:25:00,4461434.6,7136411.22746,2674976.62746,0,363,0
2013-10-12 19:30:00,3386405.4,3336948.60897,49456.7910347,0,443,0
2013-10-12 19:35:00,7170114.6,2361121.64341,4808992.95659,1,702,0
2013-10-12 19:40:00,3835937.6,3381459.7209,454477.879103,0,443,0
2013-10-12 19:45:00,3849577,3790489.81209,59087.1879103,0,443,0
2013-10-12 19:50:00,4728437,4056234.42497,672202.575035,0,367,0
2013-10-12 19:55:00,3653101.4,3231678.37591,421423.024093,0,429,0
2013-10-12 20:00:00,3423475.4,3048063.28484,375412.115158,0,641,0
2013-10-12 20:05:00,3319426.2,2829548.81423,489877.385767,0,432,0
2013-10-12 20:10:00,3426644.4,3384927.34196,41717.0580392,0,641,0
2013-10-12 20:15:00,3285794.4,3269558.93056,16235.4694386,0,432,0
2013-10-12 20:20:00,3850047.6,3843668.28121,6379.31879103,0,443,0
2013-10-12 20:25:00,3685854.4,3609741.77006,76112.6299441,0,429,0
2013-10-12 20:30:00,3379478.6,3421440.40445,41961.8044484,0,641,0
2013-10-12 20:35:00,3566683.4,3678243.13701,111559.737006,0,429,0
2013-10-12 20:40:00,3590507.8,3577839.3737,12668.4262994,0,429,0
2013-10-12 20:45:00,3402758.4,3382680.45452,20077.9454776,0,641,0
2013-10-12 20:50:00,3548430,3400750.60545,147679.394548,0,641,0
2013-10-12 20:55:00,3619610.4,3589240.95737,30369.4426299,0,429,0
2013-10-12 21:00:00,3748961.4,3615349.01229,133612.387712,0,429,0
2013-10-12 21:05:00,3559610.4,3533662.06055,25948.3394548,0,641,0
2013-10-12 21:10:00,5178590.8,4728847.06498,449743.73502,0,363,0
2013-10-12 21:15:00,6822890.4,2195065.43183,4627824.96817,1,649,0
2013-10-12 21:20:00,3652706.2,3735600.16123,82893.9612288,0,429,0
2013-10-12 21:25:00,3923214,3847922.93245,75291.0675531,0,443,0
2013-10-12 21:30:00,3458745.6,3557015.56605,98269.9660545,0,641,0
2013-10-12 21:35:00,4955067.8,4147103.95856,807963.841443,0,365,0
2013-10-12 21:40:00,4262822.6,3765629.94505,497192.654947,0,505,0
2013-10-12 21:45:00,3248786.2,3283244.04959,34457.8495945,0,432,0
2013-10-12 21:50:00,2712873.6,2325134.68572,387738.91428,0,679,0
2013-10-12 21:55:00,4488676.8,3891099.45269,597577.347312,0,375,0
2013-10-12 22:00:00,3780386.6,3915684.89324,135298.293245,0,443,0
2013-10-12 22:05:00,3801917.8,3793916.42932,8001.37067553,0,443,0
2013-10-12 22:10:00,3410020.4,3467461.35881,57440.958812,0,641,0
2013-10-12 22:15:00,4013800.2,3489215.32165,524584.878352,0,665,0
2013-10-12 22:20:00,3837695,3801117.66293,36577.3370676,0,443,0
2013-10-12 22:25:00,3715738.8,3659696.22999,56042.5700146,0,429,0
2013-10-12 22:30:00,3156862.4,3252231.98496,95369.5849594,0,432,0
2013-10-12 22:35:00,3447375,3414711.2773,32663.7227033,0,641,0
2013-10-12 22:40:00,3909523,3832567.76396,76955.2360385,0,443,0
2013-10-12 22:45:00,4083487.2,3961341.71216,122145.487835,0,665,0
2013-10-12 22:50:00,3410969.8,3443030.58425,32060.784246,0,641,0
2013-10-12 22:55:00,3630547.6,3710134.543,79586.9429985,0,429,0
2013-10-12 23:00:00,3579646,3638506.2943,58860.2942999,0,429,0
2013-10-12 23:05:00,3518559,3414175.87842,104383.121575,0,641,0
2013-10-12 23:10:00,3615376.2,3585532.02943,29844.17057,0,429,0
2013-10-12 23:15:00,3579870,3612391.78294,32521.782943,0,429,0
2013-10-12 23:20:00,3914775.4,3900299.27718,14476.1228153,0,443,0
2013-10-12 23:25:00,3026430,11353639.9548,8327209.95481,1,27,0
2013-10-12 23:30:00,3681278,3581912.64356,99365.3564435,0,429,0
2013-10-12 23:35:00,3655270,3671341.46436,16071.4643557,0,429,0
2013-10-12 23:40:00,3117778.6,2360329.03454,757449.565464,0,751,0
2013-10-12 23:45:00,3464887.8,3508120.68784,43232.8878425,0,641,0
2013-10-12 23:50:00,3490145.6,3469211.08878,20934.5112158,0,641,0
2013-10-12 23:55:00,3530907.4,3488052.14888,42855.2511216,0,641,0
2013-10-13 00:00:00,3536547.4,3526621.87489,9925.52511216,0,641,0
2013-10-13 00:05:00,3438769.8,3534404.09287,95634.2928744,0,641,0
2013-10-13 00:10:00,2592687.8,2674075.39007,81387.590066,0,679,0
2013-10-13 00:15:00,1960360.2,2491763.31994,531403.11994,0,477,0
2013-10-13 00:20:00,2025196.8,2013500.51199,11696.288006,0,477,0
2013-10-13 00:25:00,1716619.8,2096660.98371,380041.183705,0,45,0
2013-10-13 00:30:00,1789308,1755188.71108,34119.2889211,0,45,0
2013-10-13 00:35:00,1892481,2024666.78976,132185.789756,0,477,0
2013-10-13 00:40:00,1726840.4,1785896.07111,59055.6711079,0,45,0
2013-10-13 00:45:00,1878791.8,1906441.87658,27650.0765847,0,477,0
2013-10-13 00:50:00,1792245.2,1733644.53716,58600.6628396,0,45,0
2013-10-13 00:55:00,1458174.2,1597603.31303,139429.113031,0,47,0
2013-10-13 01:00:00,1740755.8,1786385.13372,45629.333716,0,45,0
2013-10-13 01:05:00,1807006.8,1746187.18255,60819.61745,0,45,0
2013-10-13 01:10:00,2307076.8,2122833.13069,184243.66931,0,675,0
2013-10-13 01:15:00,3108940.6,3042022.75226,66917.847738,0,751,0
2013-10-13 01:20:00,3450633.2,3447545.04826,3088.15174042,0,641,0
2013-10-13 01:25:00,3664786.4,3656877.14644,7909.25356443,0,429,0
2013-10-13 01:30:00,4118068.8,3371095.83654,746972.963456,0,665,0
2013-10-13 01:35:00,4053222.6,4043371.50365,9851.09634561,0,665,0
2013-10-13 01:40:00,4201796.4,4211590.91249,9794.51249415,0,505,0
2013-10-13 01:45:00,4304214.2,4201290.59104,102923.608957,0,505,0
2013-10-13 01:50:00,4524176.6,4428919.06527,95257.5347312,0,375,0
2013-10-13 01:55:00,4352175.4,4293921.8391,58253.5608957,0,505,0
2013-10-13 02:00:00,4193209.2,3620125.73675,573083.46325,0,665,0
2013-10-13 02:05:00,4482098.2,4512920.54706,30822.347065,0,375,0
2013-10-13 02:10:00,4644432.8,4485180.43471,159252.365294,0,375,0
2013-10-13 02:15:00,4435991.6,4346350.04391,89641.5560896,0,505,0
2013-10-13 02:20:00,4417648,4427027.44439,9379.44439104,0,505,0
2013-10-13 02:25:00,4486779.6,4418585.94444,68193.6555609,0,505,0
2013-10-13 02:30:00,4538636,4626750.20992,88114.2099166,0,375,0
2013-10-13 02:35:00,4461462.4,4479960.23444,18497.8344439,0,505,0
2013-10-13 02:40:00,4468985,4463312.18344,5672.81655561,0,505,0
2013-10-13 02:45:00,4612245.8,4545799.61079,66446.1892144,0,375,0
2013-10-13 02:50:00,4484731.4,4468417.71834,16313.6816556,0,505,0
2013-10-13 02:55:00,4642155.2,4605601.18108,36554.0189214,0,375,0
2013-10-13 03:00:00,4893176.2,4661211.08838,231965.111621,0,367,0
2013-10-13 03:05:00,5549813.8,5572061.36529,22247.5652887,0,340,0
2013-10-13 03:10:00,6179932.6,2932669.77253,3247262.82747,1,793,0
2013-10-13 03:15:00,5105403.4,4874271.41586,231131.984144,0,365,0
2013-10-13 03:20:00,4451766.6,4483100.03183,31333.4318344,0,505,0
2013-10-13 03:25:00,4481147,4454899.94318,26247.0568166,0,505,0
2013-10-13 03:30:00,4694028.6,4638499.79811,55528.8018921,0,375,0
2013-10-13 03:35:00,4430812.4,4478522.29432,47709.8943183,0,505,0
2013-10-13 03:40:00,4501812.4,4435583.38943,66229.0105682,0,505,0
2013-10-13 03:45:00,4637840.2,4688475.71981,50635.5198108,0,375,0
2013-10-13 03:50:00,4893904.4,4869973.57258,23930.827418,0,367,0
2013-10-13 03:55:00,4580558,4641264.04903,60706.0490299,0,375,0
2013-10-13 04:00:00,4631284,4586628.6049,44655.395097,0,375,0
2013-10-13 04:05:00,4510029.8,4495189.49894,14840.3010568,0,505,0
2013-10-13 04:10:00,4531931.8,4625215.39872,93283.5987208,0,375,0
2013-10-13 04:15:00,4951073.2,5080246.52541,129173.325409,0,365,0
2013-10-13 04:20:00,4744324.6,4891511.31726,147186.717258,0,367,0
2013-10-13 04:25:00,4864875,4759037.68984,105837.31016,0,367,0
2013-10-13 04:30:00,4681125.8,4541260.15987,139865.640128,0,375,0
2013-10-13 04:35:00,4368098.8,4507105.6129,139006.8129,0,505,0
2013-10-13 04:40:00,4687881.2,4667139.23599,20741.9640128,0,375,0
2013-10-13 04:45:00,5001344,4962130.23985,39213.7601475,0,365,0
2013-10-13 04:50:00,4618461.8,4684225.52182,65763.7218195,0,375,0
2013-10-13 04:55:00,4584497.4,4623531.16326,39033.7632593,0,375,0
2013-10-13 05:00:00,4755072.8,4854291.26898,99218.468984,0,367,0
2013-10-13 05:05:00,4852368.4,4764989.30199,87379.0980122,0,367,0
2013-10-13 05:10:00,4795987.8,4843630.4902,47642.6901988,0,367,0
2013-10-13 05:15:00,4832927,4800746.6611,32180.3389,0,367,0
2013-10-13 05:20:00,4690033.4,4588400.77633,101632.623674,0,375,0
2013-10-13 05:25:00,4729095.2,4829708.96611,100613.76611,0,367,0
2013-10-13 05:30:00,4726369.6,4739156.57661,12786.976611,0,367,0
2013-10-13 05:35:00,4429855.8,4381999.48129,47856.31871,0,505,0
2013-10-13 05:40:00,4617503.6,4678389.38278,60885.7827769,0,375,0
2013-10-13 05:45:00,4952628.8,4995643.34666,43014.5466624,0,365,0
2013-10-13 05:50:00,4256910.4,3902863.65682,354046.743181,0,665,0
2013-10-13 05:55:00,4674205.4,4623592.17828,50613.2217223,0,375,0
2013-10-13 06:00:00,4440490.8,4425070.16813,15420.631871,0,505,0
2013-10-13 06:05:00,4634800.4,4669144.07783,34343.6778278,0,375,0
2013-10-13 06:10:00,4207472.8,4221505.72568,14032.9256819,0,665,0
2013-10-13 06:15:00,4063905.4,3912653.85877,151251.541232,0,443,0
2013-10-13 06:20:00,4231708.6,4015702.53425,216006.065749,0,665,0
2013-10-13 06:25:00,4443433,4438948.73681,4484.2631871,0,505,0
2013-10-13 06:30:00,4569577.8,4636874.90115,67297.1011481,0,375,0
2013-10-13 06:35:00,4232463.6,4053289.51903,179174.080971,0,665,0
2013-10-13 06:40:00,4530729.6,4575023.20525,44293.6052499,0,375,0
2013-10-13 06:45:00,5188727.4,5133616.4265,55110.973502,0,363,0
2013-10-13 06:50:00,3816894.8,3663627.83162,153266.968375,0,429,0
2013-10-13 06:55:00,4050048.6,4048037.12248,2011.47751937,0,443,0
2013-10-13 07:00:00,4632655,4535158.96052,97496.039475,0,375,0
2013-10-13 07:05:00,4331165.4,4441868.16516,110702.765165,0,505,0
2013-10-13 07:10:00,4256816.4,4087257.94371,169558.456294,0,665,0
2013-10-13 07:15:00,4514565,4342235.67652,172329.323484,0,505,0
2013-10-13 07:20:00,4231642.8,4128228.56432,103414.235676,0,665,0
2013-10-13 07:25:00,3996057,4049847.45225,53790.4522481,0,443,0
2013-10-13 07:30:00,3821746.8,3801136.42692,20610.3730788,0,429,0
2013-10-13 07:35:00,3693434.8,3450324.38483,243110.415174,0,641,0
2013-10-13 07:40:00,4069099.2,4000808.64989,68290.5501123,0,443,0
2013-10-13 07:45:00,4101726.8,4061582.5685,40144.2314954,0,443,0
2013-10-13 07:50:00,4205671.8,4221301.37643,15629.5764324,0,665,0
2013-10-13 07:55:00,3989263.6,4097712.37685,108448.77685,0,443,0
2013-10-13 08:00:00,3828862,3819238.88241,9623.11758805,0,429,0
2013-10-13 08:05:00,3641686.6,3669123.75848,27437.1584826,0,641,0
2013-10-13 08:10:00,3324261.6,3166399.3585,157862.241504,0,432,0
2013-10-13 08:15:00,3584599.2,3644160.55371,59561.3537056,0,641,0
2013-10-13 08:20:00,3401789.8,3308535.76534,93254.0346608,0,432,0
2013-10-13 08:25:00,3171775.2,3102248.81523,69526.3847738,0,751,0
2013-10-13 08:30:00,2938971.8,2531882.97772,407088.822279,0,674,0
2013-10-13 08:35:00,2675676.2,2288652.43307,387023.766931,0,675,0
2013-10-13 08:40:00,2022947.8,3192992.44376,1170044.64376,0,859,0
2013-10-13 08:45:00,2613405.8,2636973.82331,23568.0233069,0,675,0
2013-10-13 08:50:00,3074915.6,2991578.29363,83337.3063711,0,674,0
2013-10-13 08:55:00,3454406.6,3392249.6032,62156.9968018,0,432,0
2013-10-13 09:00:00,3953057.8,4000108.47769,47050.677685,0,443,0
2013-10-13 09:05:00,4346876.8,4496028.33139,149151.531392,0,505,0
2013-10-13 09:10:00,4690494.2,4622905.39605,67588.8039475,0,375,0
2013-10-13 09:15:00,4601621.2,4682265.5504,80644.3504029,0,375,0
2013-10-13 09:20:00,1482509.2,1370919.76471,111589.435293,0,568,0
2013-10-13 09:25:00,4149789.2,4207234.75764,57445.5576432,0,665,0
2013-10-13 09:30:00,5092226.4,4956930.25467,135296.145334,0,365,0
2013-10-13 09:35:00,4921400.8,4727643.30298,193757.49702,0,367,0
2013-10-13 09:40:00,4510003.6,4361791.95314,148211.646861,0,505,0
2013-10-13 09:45:00,4857760.2,4902019.56367,44259.363675,0,367,0
2013-10-13 09:50:00,4635341.4,4609685.63504,25655.7649597,0,375,0
2013-10-13 09:55:00,4752849.6,4862186.13637,109336.536367,0,367,0
2013-10-13 10:00:00,4600516.4,4631422.2854,30905.8854014,0,375,0
2013-10-13 10:05:00,4467507,4495182.43531,27675.4353139,0,505,0
2013-10-13 10:10:00,4600820.2,4602307.4909,1487.29089843,0,375,0
2013-10-13 10:15:00,4466740.6,4470274.54353,3533.94353139,0,505,0
2013-10-13 10:20:00,4816356,4763783.25364,52572.7463633,0,367,0
2013-10-13 10:25:00,4412821.2,4465956.68815,53135.4881486,0,505,0
2013-10-13 10:30:00,4289461.2,4062510.30527,226950.894731,0,665,0
2013-10-13 10:35:00,4806912.6,4811098.72536,4186.12536367,0,367,0
2013-10-13 10:40:00,4540884.6,4599721.51062,58836.9106168,0,375,0
2013-10-13 10:45:00,3973230.6,3957762.86777,15467.7322315,0,443,0
2013-10-13 10:50:00,4151312,4266766.11053,115454.110527,0,665,0
2013-10-13 10:55:00,4408599,4417076.53775,8477.53775099,0,505,0
2013-10-13 11:00:00,4412467,4408407.02083,4059.9791675,0,505,0
2013-10-13 11:05:00,4014711.6,3971079.85154,43631.7484584,0,443,0
2013-10-13 11:10:00,4455661.4,4412061.00208,43600.3979168,0,505,0
2013-10-13 11:15:00,4518165.4,4545614.26958,27448.8695826,0,375,0
2013-10-13 11:20:00,5219553.4,5183216.30265,36337.0973502,0,363,0
2013-10-13 11:25:00,4529007.2,4519796.64625,9210.55375239,0,375,0
2013-10-13 11:30:00,5014467.6,5077033.81489,62566.2148871,0,365,0
2013-10-13 11:35:00,5091716.8,5020724.22149,70992.5785113,0,365,0
2013-10-13 11:40:00,4955261,5082966.441,127705.441003,0,365,0
2013-10-13 11:45:00,5129745.6,4968031.5441,161714.0559,0,365,0
2013-10-13 11:50:00,5522536,4962192.87857,560343.121433,0,356,0
2013-10-13 11:55:00,5466070,5126525.13055,339544.869446,0,356,0
2013-10-13 12:00:00,5181228.2,5215919.69026,34691.490265,0,363,0
2013-10-13 12:05:00,4971070,5111916.15483,140846.154828,0,365,0
2013-10-13 12:10:00,5417314.4,5432115.51306,14801.1130554,0,356,0
2013-10-13 12:15:00,5381120.2,5549949.75475,168829.554746,0,340,0
2013-10-13 12:20:00,5648711.4,5708648.23924,59936.8392428,0,349,0
2013-10-13 12:25:00,5237271,5137987.67188,99283.3281184,0,356,0
2013-10-13 12:30:00,4567196.6,4807331.21254,240134.612536,0,367,0
2013-10-13 12:35:00,5010997.6,5184634.83155,173637.231548,0,363,0
2013-10-13 12:40:00,4802090.8,4983658.29227,181567.492266,0,365,0
2013-10-13 12:45:00,5512044.2,5382009.58016,130034.619844,0,349,0
2013-10-13 12:50:00,5365367,5396104.80352,30737.8035221,0,340,0
2013-10-13 12:55:00,5359112.8,5366582.16598,7469.36597874,0,340,0
2013-10-13 13:00:00,5206969,5010684.06273,196284.937267,0,356,0
2013-10-13 13:05:00,5441836.6,5359859.7366,81976.8634021,0,340,0
2013-10-13 13:10:00,5013968.8,5028306.26554,14337.4655396,0,363,0
2013-10-13 13:15:00,5087288.8,5015348.19782,71940.6021807,0,363,0
2013-10-13 13:20:00,4889297,4820247.54923,69049.4507734,0,365,0
2013-10-13 13:25:00,5113966.2,5187340.50627,73374.3062733,0,356,0
2013-10-13 13:30:00,5380729.2,5431763.25212,51034.0521186,0,340,0
2013-10-13 13:35:00,5135762.4,5121303.63063,14458.7693727,0,356,0
2013-10-13 13:40:00,5726463.8,3547746.06884,2178717.73116,1,919,0
2013-10-13 13:45:00,5152678.4,5134316.52306,18361.8769373,0,356,0
2013-10-13 13:50:00,5179141.4,5150842.21231,28299.1876937,0,356,0
2013-10-13 13:55:00,5313273.6,3547746.06884,1765527.53116,1,919,0
2013-10-13 14:00:00,4990068,5385832.60521,395764.605212,0,340,0
2013-10-13 14:05:00,5135694,5499040.73802,363346.738016,0,349,0
2013-10-13 14:10:00,4809917,4998443.34253,188526.342529,0,356,0
2013-10-13 14:15:00,4837499.4,5028208.69392,190709.293921,0,340,0
2013-10-13 14:20:00,5081224,4994902.61579,86321.3842129,0,349,0
2013-10-13 14:25:00,4846339.2,4855318.19141,8978.9914087,0,340,0
2013-10-13 14:30:00,4988007,4847237.09914,140769.900859,0,340,0
2013-10-13 14:35:00,4598591.4,5080041.22168,481449.821682,0,363,0
2013-10-13 14:40:00,4467228.2,4882392.05492,415163.854923,0,365,0
2013-10-13 14:45:00,4261252.8,4591206.87506,329954.075058,0,367,0
2013-10-13 14:50:00,5263430.8,3547746.06884,1715684.73116,1,919,0
2013-10-13 14:55:00,4741242.8,4828769.63425,87526.8342529,0,356,0
2013-10-13 15:00:00,5268673.4,3547746.06884,1720927.33116,1,919,0
2013-10-13 15:05:00,6355621,2361149.97422,3994471.02578,1,702,0
2013-10-13 15:10:00,6548625.4,2361178.52248,4187446.87752,1,702,0
2013-10-13 15:15:00,5110530.8,4972625.25608,137905.54392,0,340,0
2013-10-13 15:20:00,5345068.8,4930839.63635,414229.163652,0,349,0
2013-10-13 15:25:00,4738408.8,4646736.38217,91672.4178318,0,363,0
2013-10-13 15:30:00,5107021.4,5095332.93282,11688.4671798,0,340,0
2013-10-13 15:35:00,5235458.4,5105852.55328,129605.846718,0,340,0
2013-10-13 15:40:00,5233619.6,5222497.81533,11121.7846718,0,340,0
2013-10-13 15:45:00,5029582,4643994.42612,385587.573878,0,356,0
2013-10-13 15:50:00,4514236.8,4294246.26626,219990.533736,0,367,0
2013-10-13 15:55:00,4910708.8,4729204.38767,181504.41233,0,363,0
2013-10-13 16:00:00,4712074.4,4508744.58549,203329.814508,0,365,0
2013-10-13 16:05:00,5420857.4,5303645.88363,117211.516365,0,349,0
2013-10-13 16:10:00,5476916.2,3547748.26113,1929167.93887,1,919,0
2013-10-13 16:15:00,5125320,5231034.71668,105714.716678,0,340,0
2013-10-13 16:20:00,5001679.4,4991023.24261,10656.1573878,0,356,0
2013-10-13 16:25:00,4980771.6,5000613.78426,19842.1842612,0,356,0
2013-10-13 16:30:00,5543129.2,3547757.32817,1995371.87183,1,919,0
2013-10-13 16:35:00,5178798.4,5135069.74294,43728.6570599,0,340,0
2013-10-13 16:40:00,5374906.8,5409136.24836,34229.4483635,0,349,0
2013-10-13 16:45:00,4965761.2,4982755.81843,16994.6184261,0,356,0
2013-10-13 16:50:00,4625607.6,4691383.49691,65775.8969068,0,365,0
2013-10-13 16:55:00,5155595.2,5173612.27841,18017.0784078,0,340,0
2013-10-13 17:00:00,4758968.4,4892558.35877,133589.958767,0,363,0
2013-10-13 17:05:00,4846633.6,4772313.1879,74320.412097,0,363,0
2013-10-13 17:10:00,4966854.2,4967460.66184,606.461842612,0,356,0
2013-10-13 17:15:00,4799362,4839201.55879,39839.5587903,0,363,0
2013-10-13 17:20:00,5217818.2,5157396.90784,60421.2921592,0,340,0
2013-10-13 17:25:00,4846504.6,4803333.29336,43171.3066443,0,363,0
2013-10-13 17:30:00,4857580,4842174.06989,15405.9301072,0,363,0
2013-10-13 17:35:00,5305944.2,5298049.10777,7895.09222859,0,349,0
2013-10-13 17:40:00,5216126.8,5211776.07078,4350.72921592,0,340,0
2013-10-13 17:45:00,5126791.6,5215025.59988,88233.9998766,0,340,0
2013-10-13 17:50:00,4716540.8,4632185.18969,84355.6103093,0,365,0
2013-10-13 17:55:00,5194275.2,5135614.99999,58660.2000123,0,340,0
2013-10-13 18:00:00,4594784.4,4707968.34179,113183.941788,0,365,0
2013-10-13 18:05:00,5313192.6,5244496.86367,68695.7363254,0,349,0
2013-10-13 18:10:00,5349453.4,5250708.2218,98745.1782027,0,349,0
2013-10-13 18:15:00,5664016,2932846.52943,2731169.47057,1,793,0
2013-10-13 18:20:00,5165652.4,5187828.85167,22176.4516689,0,340,0
2013-10-13 18:25:00,5806009.2,2932846.52943,2873162.67057,1,793,0
2013-10-13 18:30:00,5725820.2,2933025.08787,2792795.11213,1,793,0
2013-10-13 18:35:00,5818352,2933025.08787,2885326.91213,1,793,0
2013-10-13 18:40:00,6039204,6634829.37933,595625.379332,0,346,0
2013-10-13 18:45:00,6146104.8,6098766.53793,47338.2620668,0,346,0
2013-10-13 18:50:00,6520842,2361229.31821,4159612.68179,1,702,0
2013-10-13 18:55:00,6414160,2361280.30369,4052879.69631,1,702,0
2013-10-13 19:00:00,7121288,2361331.53179,4759956.46821,1,702,0
2013-10-13 19:05:00,7733993.2,2361383.0332,5372610.1668,1,702,0
2013-10-13 19:10:00,7171976,6139921.23981,1032054.76019,1,346,0
2013-10-13 19:15:00,6572442,3547757.32817,3024684.67183,1,919,0
2013-10-13 19:20:00,6669027.2,2933213.41189,3735813.78811,1,793,0
2013-10-13 19:25:00,6541002.6,3547757.32817,2993245.27183,1,919,0
2013-10-13 19:30:00,8036983.2,2361435.68528,5675547.51472,1,702,0
2013-10-13 19:35:00,6780480,3547757.32817,3232722.67183,1,919,0
2013-10-13 19:40:00,7105309.2,9020949.93631,1915640.73631,1,399,0
2013-10-13 19:45:00,6645670.6,3547771.93531,3097898.66469,1,919,0
2013-10-13 19:50:00,7129069.2,9020949.93631,1891880.73631,1,399,0
2013-10-13 19:55:00,6886046.6,2933407.64327,3952638.95673,1,793,0
2013-10-13 20:00:00,7070269.8,2933407.64327,4136862.15673,1,793,0
2013-10-13 20:05:00,7112211.8,9020949.93631,1908738.13631,1,399,0
2013-10-13 20:10:00,6736356.8,3547787.0641,3188569.7359,1,919,0
2013-10-13 20:15:00,6885695.2,2933606.40276,3952088.79724,1,793,0
2013-10-13 20:20:00,6829566.2,3547787.0641,3281779.1359,1,919,0
2013-10-13 20:25:00,6670142.6,3547802.56575,3122340.03425,1,919,0
2013-10-13 20:30:00,6989347.8,2933606.40276,4055741.39724,1,793,0
2013-10-13 20:35:00,7089460.2,2933606.40276,4155853.79724,1,793,0
2013-10-13 20:40:00,7126232.4,9020949.93631,1894717.53631,1,399,0
2013-10-13 20:45:00,7180348.2,9020949.93631,1840601.73631,1,399,0
2013-10-13 20:50:00,7251597.4,9020915.80262,1769318.40262,1,399,0
2013-10-13 20:55:00,7138828,9020915.80262,1882087.80262,1,399,0
2013-10-13 21:00:00,7358757.6,6138685.68244,1220071.91756,1,346,0
2013-10-13 21:05:00,6691074.8,3547819.09285,3143255.70715,1,919,0
2013-10-13 21:10:00,7419464.2,6137472.65358,1281991.54642,1,346,0
2013-10-13 21:15:00,7345692.4,6136275.32327,1209417.07673,1,346,0
2013-10-13 21:20:00,7106381.2,9020915.80262,1914534.60262,1,399,0
2013-10-13 21:25:00,7439340.8,6135101.53472,1304239.26528,1,346,0
2013-10-13 21:30:00,7148265,9020915.80262,1872650.80262,1,399,0
2013-10-13 21:35:00,7079349.4,2933606.40276,4145742.99724,1,793,0
2013-10-13 21:40:00,7313239.2,9020882.5769,1707643.3769,1,399,0
2013-10-13 21:45:00,7370054.2,6133974.99012,1236079.20988,1,346,0
2013-10-13 21:50:00,7146604,9020882.5769,1874278.5769,1,399,0
2013-10-13 21:55:00,7380294.8,6132872.38932,1247422.41068,1,346,0
2013-10-13 22:00:00,7444886.2,6131784.17538,1313102.02462,1,346,0
2013-10-13 22:05:00,6960113,2933830.76065,4026282.23935,1,793,0
2013-10-13 22:10:00,7776972.4,2195065.43183,5581906.96817,1,649,0
2013-10-13 22:15:00,7458856,6131784.17538,1327071.82462,1,346,0
2013-10-13 22:20:00,7193220,9020882.5769,1827662.5769,1,399,0
2013-10-13 22:25:00,7221732.4,9020850.22003,1799117.82003,1,399,0
2013-10-13 22:30:00,7683360,2197966.85076,5485393.14924,1,649,0
2013-10-13 22:35:00,7346899.6,6130784.87412,1216114.72588,1,346,0
2013-10-13 22:40:00,7728333.2,2197966.85076,5530366.34924,1,649,0
2013-10-13 22:45:00,6895594.8,2934066.09821,3961528.70179,1,793,0
2013-10-13 22:50:00,6637198,3547838.69973,3089359.30027,1,919,0
2013-10-13 22:55:00,7011225.4,2934066.09821,4077159.30179,1,793,0
2013-10-13 23:00:00,6560515.6,5339578.88218,1220936.71782,1,349,0
2013-10-13 23:05:00,6638822.6,3547858.75405,3090963.84595,1,919,0
2013-10-13 23:10:00,7921025,2361499.14505,5559525.85495,1,702,0
2013-10-13 23:15:00,8124689.4,2361563.00019,5763126.39981,1,702,0
2013-10-13 23:20:00,7346551.8,9020819.08999,1674267.28999,1,399,0
2013-10-13 23:25:00,8111561.6,2361627.43389,5749934.16611,1,702,0
2013-10-13 23:30:00,7575658.4,6130784.87412,1444873.52588,1,346,0
2013-10-13 23:35:00,7198625.2,9020819.08999,1822193.88999,1,399,0
2013-10-13 23:40:00,7964260.4,2361692.9573,5602567.4427,1,702,0
2013-10-13 23:45:00,7547664,6130784.87412,1416879.12588,1,346,0
2013-10-13 23:50:00,7988676.2,2361759.21007,5626916.98993,1,702,0
2013-10-13 23:55:00,7788122.6,2197966.85076,5590155.74924,1,649,0
